id,correcta,puntaje_obtenido,pregunta_id,respuesta_id,quizUser_id,nombreUser_id,uso_ayuda,dificultad,tiempo_pregunta
467,1,2,22,58,89,89,0,2,13
468,0,0,27,74,89,89,0,3,55
469,1,2,11,27,89,89,0,2,20
470,1,3,25,67,89,89,0,3,63
471,0,0,23,62,89,89,0,3,47
472,1,2,31,84,89,89,0,2,67
473,0,0,33,88,89,89,0,3,56
474,0,0,13,33,89,89,0,2,80
475,1,1,3,7,89,89,0,1,62
476,0,0,20,54,89,89,0,2,88
477,1,1,30,83,89,89,0,1,69
478,0,0,26,70,89,89,0,2,97
479,0,0,18,48,89,89,0,1,76
480,1,1,14,36,89,89,0,1,103
481,1,1,17,43,89,89,0,1,84
482,0,0,6,14,89,89,0,1,112
483,1,1,8,19,89,89,0,1,94
484,0,0,19,50,89,89,0,1,121
485,1,1,4,11,89,89,0,1,100
486,1,1,2,5,89,89,0,1,137
487,1,1,18,46,90,90,0,1,15
488,1,2,20,53,90,90,0,2,8
489,1,3,35,95,90,90,0,3,51
490,1,3,33,90,90,90,0,3,15
491,1,3,29,78,90,90,0,3,59
492,0,0,23,62,90,90,0,3,25
493,1,2,15,38,90,90,0,2,80
494,1,1,7,18,90,90,0,1,33
495,1,2,13,32,90,90,0,2,93
496,1,1,1,1,90,90,0,1,43
497,1,2,11,27,90,90,0,2,102
498,1,1,19,49,90,90,0,1,64
499,1,2,31,84,90,90,0,2,113
500,1,1,4,11,90,90,0,1,81
501,1,1,8,19,90,90,0,1,119
502,1,1,30,83,90,90,0,1,94
503,0,0,6,14,90,90,0,1,123
504,1,1,9,21,90,90,0,1,100
505,1,1,2,5,90,90,0,1,150
506,1,1,16,42,90,90,0,1,111
507,1,1,8,19,91,91,0,1,11
508,1,2,28,77,91,91,0,2,10
509,0,0,23,61,91,91,0,3,20
510,1,2,31,84,91,91,0,2,18
511,1,3,34,93,91,91,1,3,36
512,0,0,5,12,91,91,0,2,25
513,1,1,17,43,91,91,0,1,47
514,1,2,32,87,91,91,0,2,34
515,1,3,24,66,91,91,1,3,58
516,1,2,11,27,91,91,0,2,41
517,1,3,27,73,91,91,1,3,74
518,1,2,13,32,91,91,0,2,69
519,1,3,25,67,91,91,1,3,84
520,1,2,10,24,91,91,1,2,80
521,1,1,18,46,91,91,0,1,91
522,1,1,14,36,91,91,0,1,92
523,1,1,9,21,91,91,0,1,98
524,1,1,30,83,91,91,1,1,104
525,1,1,4,11,91,91,0,1,105
526,1,1,12,31,91,91,1,1,112
567,1,1,1,1,96,96,0,1,3
568,1,1,18,46,96,96,0,1,17
610,1,2,31,84,99,99,0,2,3
611,1,3,27,73,99,99,0,3,1
612,0,0,24,64,99,99,0,3,8
613,1,2,10,24,99,99,0,2,16
614,1,3,33,90,99,99,0,3,15
615,0,0,35,94,99,99,0,3,26
616,1,2,22,58,99,99,0,2,19
617,0,0,34,91,99,99,0,3,42
618,0,0,5,12,99,99,0,1,45
619,0,0,19,,99,99,0,,
620,1,1,17,43,99,99,0,1,41
621,1,2,20,53,99,99,0,2,49
622,1,3,25,67,99,99,0,3,46
623,0,0,23,62,99,99,0,3,69
624,1,2,32,87,99,99,0,2,55
625,0,0,29,79,99,99,0,3,75
626,0,0,26,71,99,99,0,2,61
627,1,1,16,42,99,99,0,1,82
628,1,1,7,18,99,99,0,1,69
629,1,2,13,32,99,99,0,2,95
630,0,0,33,88,100,100,1,3,28
631,0,0,32,86,100,100,0,2,10
646,1,3,25,67,104,104,0,3,144
647,1,2,22,58,104,104,0,2,-64
650,1,3,34,93,104,104,1,3,266
651,1,2,5,13,104,104,1,2,-66
652,1,1,3,7,104,104,0,1,298
654,0,0,11,,104,104,0,,
656,1,3,29,78,104,104,0,3,363
658,0,0,23,,104,104,0,,
659,0,0,26,71,104,104,0,2,-16
662,0,0,2,6,104,104,0,1,347
663,1,1,16,42,104,104,0,1,24
664,1,2,31,84,104,104,0,2,319
667,1,1,16,42,104,104,0,1,35
669,1,2,21,55,104,104,0,2,80
672,1,1,9,21,104,104,0,1,84
673,1,1,7,18,104,104,0,1,322
676,0,0,30,,104,104,0,,
677,0,0,30,,104,104,0,,
678,0,0,30,,104,104,0,,
679,0,0,30,,104,104,0,,
680,0,0,30,,104,104,0,,
681,0,0,30,,104,104,0,,
682,1,1,30,83,104,104,1,1,121
684,1,1,4,11,105,105,0,1,9
685,1,2,11,27,105,105,0,2,11
686,1,3,27,73,105,105,0,3,59
687,1,3,25,67,105,105,0,3,20
688,1,3,29,78,105,105,0,3,94
689,1,2,22,58,105,105,0,2,26
690,1,3,24,66,105,105,0,3,36
691,1,2,13,32,105,105,0,2,211
692,0,0,10,,105,105,0,,
693,0,0,19,,106,106,0,,
694,0,0,19,,106,106,0,,
695,1,1,8,19,105,105,0,2,18
696,1,1,8,19,106,106,0,1,5
697,0,0,20,,105,105,0,,
698,1,3,34,93,106,106,0,3,26
699,1,3,34,93,106,106,1,3,34
700,1,3,34,93,105,105,0,3,34
701,1,3,24,66,106,106,0,3,34
702,0,0,35,,105,105,0,,
703,1,3,33,90,106,106,0,3,63
704,1,3,33,90,106,106,0,3,54
705,1,3,27,73,105,105,0,3,74
706,1,3,27,73,106,106,0,3,64
707,0,0,23,,105,105,0,,
708,0,0,33,,106,106,0,,
709,1,3,33,90,106,106,0,2,88
710,1,3,33,90,105,105,0,3,71
711,0,0,32,,106,106,0,,
712,1,1,16,42,106,106,0,1,80
713,1,1,30,83,106,106,0,1,94
714,0,0,12,,105,105,0,,
715,0,0,12,30,106,106,0,1,96
716,0,0,18,,105,105,0,,
717,1,1,18,46,105,105,0,2,117
718,0,0,19,,106,106,0,,
719,1,1,19,49,105,105,0,1,114
720,1,1,18,46,106,106,0,1,58
721,0,0,28,,105,105,0,,
722,0,0,7,,106,106,0,,
723,0,0,7,,106,106,0,,
724,0,0,17,,107,107,0,,
725,0,0,17,,107,107,0,,
726,0,0,2,,108,108,0,,
727,0,0,2,6,107,107,0,1,2
728,1,1,17,43,107,107,1,1,17
729,1,1,19,49,107,107,0,1,5
730,0,0,31,,108,108,0,,
731,1,2,28,77,107,107,0,3,-7
732,1,2,28,77,108,108,0,2,-12
733,1,3,23,63,108,108,0,3,44
734,0,0,35,,107,107,0,,
735,1,3,25,67,107,107,1,3,53
736,0,0,13,,108,108,0,,
737,1,2,13,32,108,108,0,1,1
738,1,2,13,32,107,107,0,2,104
739,0,0,30,,108,108,0,,
740,1,2,20,53,108,108,0,1,8
741,0,0,4,,107,107,0,,
742,0,0,4,,107,107,0,,
743,1,1,4,11,107,107,0,1,-2
744,1,2,31,84,107,107,0,2,118
745,0,0,8,,108,108,0,,
746,1,1,8,19,107,107,0,1,122
747,0,0,14,,108,108,0,,
748,1,1,14,36,107,107,0,2,146
749,0,0,18,,107,107,0,,
750,0,0,5,,107,107,0,,
751,0,0,19,,107,107,0,,
752,0,0,21,,107,107,0,,
753,1,1,7,18,107,107,0,1,-6
754,0,0,32,,108,108,0,,
755,1,2,32,87,107,107,0,3,140
756,0,0,29,,107,107,0,,
757,1,2,22,58,108,108,0,2,218
758,1,2,22,58,107,107,0,2,151
759,1,1,3,7,108,108,0,1,145
760,1,1,19,49,108,108,0,1,6
761,0,0,5,12,109,109,0,2,17
762,0,0,5,12,108,108,0,2,9
763,1,1,12,31,108,108,0,1,29
764,0,0,26,71,108,108,0,2,17
765,0,0,17,,109,109,0,,
766,1,1,17,43,109,109,0,1,34
767,1,2,11,27,109,109,0,1,11
768,1,3,29,78,108,108,0,3,47
769,1,3,35,95,109,109,0,3,65
770,1,3,35,95,108,108,0,3,43
771,0,0,29,,109,109,0,,
772,0,0,33,,108,108,0,,
773,1,3,24,66,108,108,0,3,72
774,0,0,23,,109,109,0,,
775,1,3,23,63,108,108,0,3,75
776,1,2,32,87,108,108,0,2,61
777,0,0,27,,109,109,0,,
778,0,0,27,72,109,109,0,3,69
779,1,3,27,73,108,108,0,3,69
780,1,3,24,66,108,108,0,3,90
781,1,3,24,66,109,109,0,3,90
782,1,2,21,55,109,109,0,2,77
783,1,1,18,46,109,109,0,1,36
784,0,0,3,,108,108,0,,
785,1,1,3,7,109,109,0,1,7
786,1,2,20,53,110,110,0,2,193
787,0,0,19,,109,109,0,,
788,1,1,19,49,110,110,0,1,191
789,0,0,19,,108,108,0,,
790,0,0,7,,108,108,0,,
791,1,2,11,27,110,110,0,2,195
792,0,0,9,,109,109,0,,
793,0,0,5,,110,110,0,,
794,1,2,5,13,108,108,0,2,15
795,1,3,34,93,110,110,0,1,202
796,0,0,22,,109,109,0,,
797,0,0,1,,110,110,0,,
798,0,0,8,,108,108,0,,
799,1,1,8,19,110,110,0,1,209
800,1,1,8,19,109,109,0,1,209
801,1,1,30,83,108,108,0,1,15
802,1,1,30,83,110,110,0,1,216
803,0,0,17,,108,108,0,,
804,1,2,26,69,108,108,0,2,225
805,0,0,4,,109,109,0,,
806,0,0,4,,110,110,0,,
807,1,1,4,11,108,108,0,1,22
808,1,2,22,58,110,110,1,2,217
809,1,2,22,58,109,109,0,2,217
810,1,1,18,46,110,110,0,1,29
811,0,0,28,,108,108,0,,
812,0,0,9,,109,109,0,,
813,0,0,26,71,111,111,0,2,22
814,1,1,17,43,111,111,0,1,24
815,1,2,13,32,111,111,0,2,32
816,1,3,34,93,111,111,0,3,33
817,1,3,27,73,111,111,0,3,36
818,1,3,27,73,111,111,0,3,36
819,1,3,29,78,111,111,0,3,42
820,1,3,25,67,111,111,0,3,50
821,1,3,24,66,111,111,0,3,55
822,1,3,35,95,111,111,0,2,56
823,0,0,31,,111,111,0,,
824,1,3,33,90,111,111,1,3,69
825,1,2,15,38,111,111,1,2,134
826,1,1,12,31,111,111,0,1,89
827,1,1,2,5,111,111,0,1,148
828,1,1,6,15,111,111,1,1,98
829,1,1,7,18,111,111,0,1,161
830,1,1,9,21,111,111,0,1,101
831,1,1,8,19,111,111,0,1,167
832,1,1,3,7,111,111,1,1,123
833,1,1,18,46,112,112,0,1,8
834,1,2,21,55,112,112,0,2,6
835,1,2,21,55,112,112,0,2,6
836,1,3,24,66,112,112,0,3,13
837,1,3,29,78,112,112,0,3,11
838,1,3,35,95,112,112,0,3,18
839,1,3,35,95,112,112,0,3,18
840,1,3,27,73,112,112,0,3,17
841,1,3,25,67,112,112,0,3,35
842,1,3,23,63,112,112,0,3,25
843,1,3,33,90,112,112,0,3,41
844,1,3,34,93,112,112,0,3,30
845,1,1,4,11,112,112,0,1,46
846,1,2,32,87,112,112,0,2,35
847,1,1,8,19,112,112,0,1,69
848,1,2,15,38,112,112,0,2,59
849,1,2,11,27,112,112,0,2,77
850,1,1,14,36,112,112,0,1,67
851,1,2,28,77,112,112,0,2,86
852,1,1,17,43,112,112,0,1,74
853,1,2,15,38,113,113,1,2,24
854,1,1,9,21,113,113,0,1,6
855,1,2,10,24,113,113,0,2,30
856,1,3,35,95,113,113,1,3,20
857,1,2,20,53,113,113,0,2,36
858,1,3,34,93,113,113,0,3,29
859,1,3,25,67,113,113,0,3,43
860,1,3,33,90,113,113,0,3,40
861,1,3,23,63,113,113,1,3,58
862,1,2,11,27,113,113,0,2,50
863,1,3,27,73,113,113,0,3,64
864,1,3,24,66,113,113,0,3,58
865,1,3,29,78,113,113,0,3,72
866,1,2,13,32,113,113,0,2,67
867,1,2,31,84,113,113,0,2,84
868,1,1,16,42,113,113,0,1,82
869,1,1,4,11,113,113,0,1,98
870,1,1,17,43,113,113,0,1,92
871,1,1,12,31,113,113,1,1,111
872,1,1,18,46,113,113,0,1,110
1107,1,1,8,19,128,128,1,1,16
1108,1,1,4,11,128,128,0,1,18
1109,1,2,11,27,128,128,1,2,31
1110,1,1,30,83,128,128,1,1,34
1111,1,1,14,36,128,128,1,1,47
1112,1,1,18,46,128,128,0,1,41
1113,1,2,22,58,128,128,0,2,59
1114,1,3,33,90,128,128,1,3,51
1115,1,2,26,69,128,128,1,2,70
1116,1,1,9,21,128,128,0,1,57
1117,1,2,5,13,128,128,1,2,77
1118,1,1,1,1,128,128,1,1,68
1119,1,1,16,42,128,128,0,1,86
1120,1,1,17,43,128,128,0,1,82
1121,1,1,6,15,128,128,1,1,95
1122,1,1,7,18,128,128,1,1,90
1123,1,1,19,49,128,128,1,1,112
1124,1,1,2,5,128,128,0,1,97
1125,1,1,12,31,128,128,1,1,119
1126,1,1,3,7,128,128,0,1,104
1127,0,0,2,6,129,129,1,1,6
1128,1,1,19,49,129,129,0,1,14
1129,1,2,15,38,129,129,0,2,10
1130,1,3,27,73,129,129,0,3,18
1131,1,3,29,78,129,129,0,3,14
1132,1,3,33,90,129,129,1,3,24
1133,0,0,21,56,129,129,0,2,23
1134,1,1,3,7,129,129,0,1,27
1135,0,0,11,29,129,129,0,2,32
1136,0,0,16,41,129,129,0,1,39
1137,0,0,9,22,129,129,0,1,47
1138,0,0,7,16,129,129,0,1,42
1139,0,0,6,14,129,129,0,1,52
1140,0,0,1,2,129,129,0,1,45
1141,1,1,18,46,129,129,0,1,59
1142,0,0,31,85,129,129,0,2,48
1143,0,0,30,81,129,129,0,1,63
1144,1,1,8,19,129,129,0,1,51
1145,0,0,22,60,129,129,0,2,68
1146,1,1,14,36,129,129,1,1,63
1147,1,1,4,11,130,130,0,1,99
1148,1,1,30,83,130,130,0,1,16
1149,1,2,15,38,130,130,1,2,123
1150,1,1,3,7,130,130,0,1,25
1151,1,2,28,77,130,130,1,2,200
1152,1,1,8,19,130,130,1,1,43
1153,1,1,19,49,130,130,1,1,226
1154,1,1,2,5,130,130,0,1,63
1155,1,2,31,84,130,130,1,2,248
1156,1,1,16,42,130,130,1,1,81
1157,1,1,7,18,130,130,1,1,291
1158,1,1,18,46,130,130,1,1,103
1159,1,1,6,15,130,130,1,1,348
1160,1,1,9,21,130,130,1,1,118
1161,1,1,14,36,130,130,1,1,382
1162,1,1,1,1,130,130,1,1,132
1163,1,1,12,31,130,130,1,1,395
1164,1,1,17,43,130,130,0,1,397
1165,1,3,27,73,130,130,1,3,414
1166,1,2,20,53,130,130,1,2,411
1167,1,1,4,11,131,131,1,1,46
1168,1,1,1,1,131,131,1,1,38
1169,1,1,17,43,131,131,1,1,81
1170,1,1,2,5,131,131,1,1,66
1171,1,1,19,49,131,131,1,1,111
1172,1,1,14,36,131,131,1,1,91
1173,1,1,18,46,131,131,1,1,140
1174,1,1,12,31,131,131,1,1,114
1175,1,1,3,7,131,131,1,1,163
1176,1,1,7,18,131,131,1,1,137
1177,1,1,16,42,131,131,1,1,193
1178,1,1,9,21,131,131,1,1,162
1179,1,1,6,15,131,131,1,1,213
1180,1,1,30,83,131,131,1,1,194
1181,1,1,8,19,131,131,1,1,232
1182,1,3,25,67,131,131,1,3,215
1183,1,2,5,13,131,131,1,2,256
1184,1,2,28,77,131,131,1,2,251
1185,0,0,10,26,131,131,0,2,259
1186,1,3,24,66,131,131,0,3,259
1187,0,0,28,76,132,132,0,2,10
1188,1,1,1,1,132,132,1,1,26
1189,1,1,17,43,132,132,0,1,13
1190,1,2,5,13,132,132,1,2,37
1191,1,1,19,49,132,132,0,1,19
1192,1,2,22,58,132,132,0,2,42
1193,1,3,35,95,132,132,1,3,33
1194,0,0,26,71,132,132,0,2,50
1195,1,1,8,19,132,132,0,1,41
1196,1,2,31,84,132,132,1,2,55
1197,1,1,9,21,132,132,0,1,47
1198,1,2,13,32,132,132,0,2,69
1199,1,3,34,93,132,132,0,3,56
1200,1,3,27,73,132,132,0,3,75
1201,1,2,15,38,132,132,1,2,84
1202,1,1,16,42,132,132,0,1,82
1203,1,1,4,11,132,132,0,1,97
1204,1,1,12,31,132,132,1,1,90
1205,1,1,2,5,132,132,0,1,138
1206,1,1,14,36,132,132,0,1,105
1207,1,1,8,19,133,133,0,1,20
1208,0,0,20,54,133,133,0,2,21
1209,1,1,30,83,133,133,0,1,34
1210,1,2,22,58,133,133,0,2,43
1211,1,3,27,73,133,133,1,3,62
1212,1,2,21,55,133,133,0,2,60
1213,1,1,6,15,133,133,1,1,82
1214,1,1,9,21,133,133,0,1,70
1215,1,2,10,24,133,133,1,2,106
1216,1,1,3,7,133,133,0,1,96
1217,1,1,17,43,133,133,0,1,126
1218,1,1,18,46,133,133,0,1,105
1219,1,1,7,18,133,133,1,1,156
1220,1,1,2,5,133,133,0,1,122
1221,1,1,19,49,133,133,1,1,197
1222,1,1,14,36,133,133,0,1,146
1223,1,1,16,42,133,133,1,1,223
1224,1,1,4,11,133,133,0,1,160
1225,0,0,1,3,133,133,0,1,231
1226,1,1,12,31,133,133,1,1,178
1227,1,1,7,18,134,134,0,1,11
1228,1,2,32,87,134,134,0,2,7
1229,1,3,25,67,134,134,0,3,30
1230,1,3,29,78,134,134,0,3,30
1231,1,3,23,63,134,134,0,3,30
1232,1,3,35,95,134,134,0,3,30
1233,1,3,27,73,134,134,0,3,30
1234,1,3,24,66,134,134,0,3,30
1235,1,3,33,90,134,134,0,3,30
1236,1,3,34,93,134,134,0,3,30
1237,1,2,20,53,134,134,0,2,30
1238,1,1,17,43,134,134,0,1,30
1239,1,2,11,27,134,134,0,2,30
1240,1,1,12,31,134,134,0,1,30
1241,1,2,21,55,134,134,0,2,30
1242,1,2,13,32,134,134,0,2,30
1243,1,2,13,32,134,134,0,2,30
1244,1,2,5,13,134,134,0,2,30
1245,1,1,4,11,134,134,0,1,30
1246,1,2,26,69,134,134,0,2,30
1247,1,2,32,87,135,135,0,2,8
1248,1,3,24,66,135,135,0,3,15
1249,0,0,23,62,135,135,1,3,31
1250,1,2,10,24,135,135,0,2,22
1251,1,3,27,73,135,135,0,3,43
1252,0,0,25,68,135,135,0,3,53
1253,1,2,31,84,135,135,0,2,59
1254,1,3,29,78,135,135,0,3,67
1255,1,3,33,90,135,135,1,3,90
1256,1,2,22,58,135,135,0,2,84
1257,1,1,4,11,135,135,0,1,133
1258,1,1,30,83,135,135,0,1,92
1259,1,1,9,21,135,135,0,1,240
1260,1,1,17,43,135,135,0,1,18
1261,0,0,5,12,135,135,0,2,256
1262,1,1,12,31,135,135,0,1,22
1263,0,0,28,76,135,135,0,2,287
1264,1,1,3,7,135,135,0,1,35
1265,1,2,11,27,135,135,0,2,297
1266,1,1,19,49,135,135,0,1,52
1267,1,2,28,77,136,136,0,2,35
1268,1,3,33,90,136,136,0,3,16
1269,0,0,35,94,136,136,0,3,60
1270,0,0,10,26,136,136,0,2,65
1271,1,1,4,11,136,136,0,1,73
1272,0,0,20,52,136,136,0,2,81
1273,1,1,9,21,136,136,0,1,101
1274,0,0,16,40,136,136,0,1,155
1275,1,1,14,36,136,136,0,1,96
1276,0,0,7,16,136,136,0,1,171
1277,1,1,1,1,136,136,0,1,109
1278,0,0,30,82,136,136,0,1,219
1279,1,1,3,7,136,136,0,1,121
1280,1,1,19,49,136,136,0,1,235
1281,1,1,17,43,136,136,0,1,130
1282,0,0,12,30,136,136,0,1,241
1283,1,1,2,5,136,136,0,1,146
1284,1,1,8,19,136,136,0,1,252
1285,1,1,18,46,136,136,0,1,154
1286,1,1,6,15,136,136,1,1,266
1287,1,3,34,93,137,137,1,3,23
1288,1,2,31,84,137,137,0,2,17
1289,1,3,33,90,137,137,0,3,35
1290,1,3,27,73,137,137,0,3,30
1291,1,3,25,67,137,137,0,3,49
1292,1,3,29,78,137,137,0,3,42
1293,1,3,24,66,137,137,1,3,67
1294,1,2,32,87,137,137,0,2,53
1295,1,3,23,63,137,137,1,3,90
1296,1,2,11,27,137,137,0,2,69
1297,1,3,35,95,137,137,0,3,115
1298,1,2,22,58,137,137,0,2,88
1299,1,1,8,19,137,137,0,1,122
1300,1,1,16,42,137,137,0,1,93
1301,1,1,7,18,137,137,0,1,130
1302,1,1,9,21,137,137,0,1,99
1303,1,1,2,5,137,137,0,1,141
1304,1,1,4,11,137,137,0,1,112
1305,0,0,12,30,137,137,0,1,153
1306,1,1,3,7,137,137,0,1,123
1307,1,1,2,5,138,138,0,1,11
1308,1,2,28,77,138,138,0,2,14
1309,1,3,23,63,138,138,1,3,117
1310,1,2,22,58,138,138,0,2,36
1311,1,3,35,95,138,138,0,3,138
1312,1,2,5,13,138,138,0,2,44
1313,1,3,29,78,138,138,0,3,153
1314,1,2,21,55,138,138,0,2,89
1315,1,1,4,11,138,138,0,1,166
1316,1,1,12,31,138,138,1,1,102
1317,1,1,17,43,138,138,0,1,191
1318,1,1,30,83,138,138,0,1,130
1319,1,1,7,18,138,138,0,1,200
1320,1,1,3,7,138,138,0,1,143
1321,1,1,18,46,138,138,0,1,209
1322,1,1,16,42,138,138,0,1,148
1323,1,1,19,49,138,138,0,1,224
1324,1,1,6,15,138,138,1,1,207
1325,1,1,8,19,138,138,0,1,238
1326,1,1,9,21,138,138,0,1,216
1327,1,1,18,46,139,139,0,1,9
1328,1,2,20,53,139,139,0,2,7
1329,1,3,35,95,139,139,0,3,16
1330,1,3,29,78,139,139,0,3,12
1331,1,3,25,67,139,139,0,3,24
1332,1,3,34,93,139,139,0,3,19
1333,1,3,23,63,139,139,0,3,30
1334,1,3,27,73,139,139,0,3,24
1335,1,3,33,90,139,139,0,3,47
1336,1,3,24,66,139,139,0,3,32
1337,1,1,9,21,139,139,0,1,53
1338,1,2,31,84,139,139,0,2,51
1339,1,2,11,27,139,139,0,2,58
1340,1,1,16,42,139,139,0,1,56
1341,1,2,32,87,139,139,0,2,66
1342,1,2,21,55,139,139,0,2,92
1343,1,1,30,83,139,139,0,1,82
1344,1,1,3,7,139,139,0,1,105
1345,1,1,12,31,139,139,0,1,110
1346,1,1,1,1,139,139,0,1,117
1347,1,1,19,49,140,140,0,1,9
1348,1,2,21,55,140,140,0,2,21
1349,1,3,33,90,140,140,0,3,21
1350,1,3,27,73,140,140,0,3,24
1351,1,3,29,78,140,140,0,3,24
1352,1,3,25,67,140,140,0,3,32
1353,1,3,34,93,140,140,0,3,30
1354,1,3,24,66,140,140,0,3,36
1355,1,3,35,95,140,140,0,3,35
1356,1,3,23,63,140,140,0,3,41
1357,1,2,10,24,140,140,0,2,43
1358,1,2,22,58,140,140,0,2,51
1359,1,1,17,43,140,140,0,1,53
1360,1,2,32,87,140,140,0,2,54
1361,1,1,2,5,140,140,0,1,65
1362,1,2,28,77,140,140,0,2,63
1363,1,1,7,18,140,140,0,1,72
1364,1,2,20,53,140,140,0,2,71
1365,1,2,11,27,140,140,0,2,78
1366,1,1,18,46,140,140,0,1,88
1367,0,0,2,6,141,141,0,1,8
1368,1,1,12,31,142,142,0,1,8
1369,1,2,20,53,142,142,0,2,6
1370,1,3,23,63,142,142,0,3,14
1371,1,3,24,66,142,142,0,3,16
1372,1,3,35,95,142,142,0,3,18
1373,1,3,25,67,142,142,0,3,31
1374,1,3,29,78,142,142,0,3,23
1375,1,3,33,90,142,142,0,3,41
1376,1,3,27,73,142,142,0,3,26
1377,1,3,34,93,142,142,0,3,45
1378,1,2,31,84,142,142,0,2,35
1379,1,1,4,11,142,142,0,1,53
1380,1,2,28,77,142,142,0,2,46
1381,1,2,22,58,142,142,0,2,68
1382,1,2,15,38,142,142,0,2,123
1383,1,1,14,36,142,142,0,1,96
1384,1,1,1,1,142,142,0,1,133
1385,1,1,18,46,142,142,0,1,106
1386,1,1,9,21,142,142,0,1,141
1387,1,1,8,19,142,142,0,1,118
1388,0,0,6,14,143,143,0,1,5
1389,1,1,17,43,143,143,0,1,10
1390,0,0,26,71,143,143,0,2,14
1391,1,1,1,1,143,143,0,1,15
1392,1,2,15,38,143,143,0,2,22
1393,1,3,33,90,144,144,1,3,47
1394,1,2,28,77,144,144,1,2,44
1395,1,1,7,18,144,144,0,1,60
1396,1,1,3,7,144,144,0,1,50
1397,1,2,13,32,144,144,0,2,73
1398,1,3,24,66,144,144,0,3,66
1399,1,3,35,95,144,144,1,3,113
1400,1,2,20,53,144,144,1,2,104
1401,1,1,18,46,144,144,0,1,127
1402,0,0,14,35,144,144,1,1,144
1403,1,1,9,21,144,144,0,1,134
1404,1,1,2,5,144,144,0,1,157
1405,1,1,8,19,144,144,0,1,140
1406,1,1,4,11,144,144,1,1,211
1407,0,0,12,30,144,144,0,1,149
1408,1,1,1,1,144,144,0,1,220
1409,1,1,30,83,144,144,0,1,158
1410,1,1,17,43,144,144,0,1,243
1411,1,1,19,49,144,144,1,1,193
1412,0,0,6,14,144,144,0,1,251
1413,1,1,6,15,145,145,0,1,6
1414,1,2,28,77,145,145,0,2,9
1415,1,3,23,63,145,145,0,3,10
1416,1,3,34,93,145,145,0,3,11
1417,1,3,25,67,145,145,0,3,15
1418,1,3,29,78,145,145,0,3,22
1419,1,3,27,73,145,145,0,3,21
1420,1,3,24,66,145,145,0,3,24
1421,1,3,33,90,145,145,0,3,23
1422,1,3,35,95,145,145,0,3,29
1423,1,1,17,43,145,145,0,1,35
1424,1,2,32,87,145,145,0,2,32
1425,1,1,1,1,145,145,0,1,38
1426,1,2,22,58,145,145,0,2,43
1427,1,2,15,38,145,145,0,2,54
1428,1,2,10,24,145,145,0,2,51
1429,1,1,2,5,145,145,0,1,94
1430,1,1,14,36,145,145,0,1,64
1431,1,2,13,32,145,145,0,2,107
1432,1,1,7,18,145,145,0,1,82
1433,1,1,4,11,146,146,0,1,33
1434,1,2,20,53,146,146,0,2,22
1435,1,3,27,73,146,146,0,3,53
1436,1,3,33,90,146,146,0,3,43
1437,1,3,34,93,146,146,0,3,67
1438,1,3,23,63,146,146,0,3,56
1439,1,3,24,66,146,146,0,3,89
1440,1,2,28,77,146,146,0,2,102
1441,1,1,6,15,146,146,0,1,114
1442,1,1,1,1,146,146,0,1,110
1443,1,1,7,18,146,146,0,1,127
1444,1,1,3,7,146,146,0,1,127
1445,1,1,9,21,146,146,0,1,137
1446,1,1,18,46,146,146,0,1,147
1447,1,1,12,31,146,146,0,1,147
1448,1,1,14,36,146,146,0,1,173
1449,1,1,17,43,146,146,0,1,187
1450,1,1,8,19,146,146,0,1,186
1451,1,1,16,42,146,146,0,1,201
1452,1,1,2,5,146,146,0,1,208
1453,1,1,12,31,147,147,0,1,6
1454,1,2,22,58,147,147,0,2,6
1455,1,3,24,66,147,147,0,3,12
1456,1,3,29,78,147,147,0,3,11
1457,1,3,34,93,147,147,0,3,15
1458,1,3,27,73,147,147,0,3,15
1459,1,3,23,63,147,147,0,3,20
1460,1,3,25,67,147,147,0,3,24
1461,1,3,33,90,147,147,0,3,23
1462,1,3,35,95,147,147,0,3,23
1463,1,2,5,13,147,147,0,2,23
1464,0,0,26,71,147,147,0,2,23
1465,1,1,14,36,147,147,0,1,23
1466,1,2,21,55,147,147,0,2,23
1467,1,2,15,38,147,147,0,2,23
1468,1,1,19,49,147,147,0,1,23
1469,1,2,20,53,147,147,0,2,23
1470,1,2,28,77,147,147,0,2,23
1471,1,1,18,46,147,147,0,1,23
1472,1,2,10,24,147,147,0,2,23
1473,1,3,24,66,148,148,0,3,6
1474,1,3,33,90,148,148,0,3,5
1475,1,3,23,63,148,148,0,3,8
1476,1,3,29,78,148,148,1,3,15
1477,1,2,31,84,148,148,0,2,12
1478,1,3,34,93,148,148,0,3,19
1479,1,3,27,73,148,148,0,3,15
1480,1,3,35,95,148,148,0,3,23
1481,1,3,25,67,148,148,0,3,22
1482,1,2,22,58,148,148,0,2,27
1483,1,2,26,69,148,148,0,2,30
1484,1,1,17,43,148,148,0,1,38
1485,1,2,15,38,148,148,0,2,40
1486,1,1,4,11,148,148,0,1,43
1487,1,2,28,77,148,148,0,2,44
1488,1,2,32,87,148,148,0,2,49
1489,1,1,1,1,148,148,0,1,50
1490,1,2,5,13,148,148,0,2,51
1491,1,1,6,15,148,148,0,1,58
1492,1,2,21,55,148,148,0,2,57
1493,1,3,27,73,149,149,1,3,10
1494,1,2,28,77,149,149,0,2,6
1495,0,0,34,92,149,149,0,3,18
1496,1,2,31,84,149,149,0,2,15
1497,0,0,23,62,149,149,0,3,27
1498,0,0,13,33,149,149,0,2,27
1499,1,1,3,7,149,149,0,1,42
1500,0,0,5,12,149,149,0,2,32
1501,1,1,19,49,149,149,0,1,50
1502,0,0,32,86,149,149,0,2,37
1503,0,0,12,30,149,149,0,1,53
1504,1,1,16,42,149,149,0,1,40
1505,1,2,26,69,149,149,1,2,70
1506,1,1,8,19,149,149,0,1,73
1507,1,2,22,58,149,149,0,2,79
1508,1,1,6,15,149,149,1,1,81
1509,1,1,14,36,149,149,0,1,88
1510,1,1,30,83,149,149,0,1,89
1511,1,1,4,11,149,149,0,1,98
1512,1,1,2,5,149,149,0,1,97
1513,1,1,14,36,150,150,0,1,4
1514,1,2,28,77,150,150,0,2,4
1515,1,3,29,78,150,150,1,3,13
1516,1,2,32,87,150,150,1,2,13
1517,1,1,7,18,150,150,1,1,20
1518,0,0,9,,150,150,0,,
1519,1,1,4,11,151,151,0,1,4
1520,1,2,26,69,151,151,0,2,6
1521,1,3,27,73,151,151,0,3,8
1522,1,3,25,67,151,151,0,3,12
1523,1,3,24,66,151,151,0,3,24
1524,0,0,34,92,151,151,0,3,20
1525,1,2,28,77,151,151,0,2,27
1526,1,3,29,78,151,151,1,3,29
1527,1,2,10,24,151,151,1,2,37
1528,0,0,12,30,151,151,0,1,32
1529,1,1,8,19,151,151,0,1,40
1530,1,2,32,87,151,151,0,2,35
1531,1,3,33,90,151,151,1,3,47
1532,1,2,22,58,151,151,0,2,40
1533,1,3,23,63,151,151,0,3,51
1534,1,3,35,95,151,151,1,3,48
1535,1,2,20,53,151,151,1,2,59
1536,1,1,2,5,151,151,0,1,53
1537,1,2,13,32,151,151,0,2,64
1538,1,1,7,18,151,151,0,1,57
1539,1,2,22,58,152,152,0,2,46
1540,1,3,34,93,152,152,0,3,46
1541,1,3,29,78,152,152,0,3,68
1542,1,3,24,66,152,152,0,3,85
1543,1,2,13,32,152,152,0,2,114
1544,1,1,16,42,152,152,0,1,120
1545,0,0,18,48,152,152,0,1,129
1546,1,1,30,83,152,152,0,1,134
1547,1,1,17,43,152,152,0,1,150
1548,1,1,9,21,152,152,0,1,163
1549,0,0,6,14,152,152,0,1,184
1550,0,0,12,30,152,152,0,1,182
1551,1,1,4,11,152,152,0,1,214
1552,1,1,14,36,152,152,0,1,216
1553,1,1,2,5,152,152,0,1,242
1554,1,1,19,49,152,152,0,1,246
1555,1,1,3,7,152,152,0,1,258
1556,1,1,8,19,152,152,0,1,263
1557,1,1,7,18,152,152,0,1,320
1558,1,1,1,1,152,152,0,1,284
1579,0,0,12,30,154,154,0,1,36
1580,1,1,4,11,154,154,0,1,27
1581,0,0,5,12,154,154,0,2,51
1582,1,1,19,49,154,154,0,1,46
1583,0,0,26,71,154,154,0,2,61
1584,1,1,7,18,154,154,0,1,65
1585,1,2,10,24,154,154,0,2,79
1586,1,1,18,46,154,154,0,1,101
1587,1,1,9,21,154,154,0,1,102
1588,1,1,30,83,154,154,0,1,146
1589,1,1,3,7,154,154,0,1,126
1590,1,1,16,42,154,154,0,1,180
1591,1,1,8,19,154,154,0,1,148
1592,1,1,14,36,154,154,0,1,205
1593,1,1,2,5,154,154,0,1,175
1594,1,1,1,1,154,154,0,1,259
1595,1,1,17,43,154,154,0,1,217
1596,0,0,6,14,154,154,0,1,277
1597,1,2,22,58,154,154,0,2,253
1598,1,3,33,90,154,154,0,3,296
1599,1,2,20,53,155,155,0,2,14
1600,0,0,35,94,155,155,0,3,25
1601,1,2,32,87,155,155,0,2,25
1602,1,3,25,67,155,155,0,3,41
1603,0,0,34,91,155,155,0,3,54
1604,1,2,15,38,155,155,0,2,68
1605,0,0,24,64,155,155,0,3,131
1606,1,2,26,69,155,155,0,2,77
1607,1,1,14,36,155,155,0,1,151
1608,1,1,4,11,155,155,0,1,90
1609,1,1,30,83,155,155,0,1,156
1610,1,1,16,42,155,155,0,1,98
1611,1,1,19,49,155,155,0,1,172
1612,1,1,18,46,155,155,0,1,113
1613,1,1,17,43,155,155,0,1,183
1614,1,1,7,18,155,155,0,1,121
1615,1,1,3,7,155,155,0,1,193
1616,1,1,6,15,155,155,0,1,128
1617,0,0,12,30,155,155,0,1,203
1618,1,1,9,21,155,155,0,1,137
1619,1,1,16,42,156,156,0,1,9
1620,1,2,31,84,156,156,0,2,14
1621,0,0,29,79,156,156,0,3,23
1622,1,2,11,27,156,156,0,2,28
1623,1,3,35,95,156,156,0,3,52
1624,1,3,25,67,156,156,0,3,41
1625,1,3,24,66,156,156,0,3,76
1626,1,2,13,32,156,156,0,2,53
1627,0,0,23,61,156,156,0,3,96
1628,1,2,20,53,156,156,0,2,60
1629,1,1,12,31,156,156,0,1,105
1630,1,1,7,18,156,156,0,1,67
1631,1,2,28,77,156,156,0,2,127
1632,1,1,14,36,156,156,0,1,74
1633,0,0,15,39,156,156,0,2,141
1634,1,1,18,46,156,156,0,1,86
1635,1,1,30,83,156,156,0,1,149
1636,1,1,2,5,156,156,0,1,96
1637,1,1,17,43,156,156,0,1,164
1638,1,1,3,7,156,156,0,1,115
1639,1,1,2,5,157,157,0,1,6
1640,1,2,11,27,157,157,0,2,16
1641,1,3,35,95,157,157,0,3,37
1642,1,3,33,90,157,157,0,3,29
1643,1,3,24,66,157,157,0,3,59
1644,1,3,25,67,157,157,0,3,42
1645,1,3,27,73,157,157,1,3,132
1646,1,2,20,53,157,157,0,2,50
1647,1,3,29,78,157,157,1,3,148
1648,1,2,32,87,157,157,0,2,62
1649,1,3,34,93,157,157,0,3,156
1650,1,2,10,24,157,157,0,2,75
1651,1,1,7,18,157,157,0,1,162
1652,1,1,4,11,157,157,0,1,83
1653,1,1,30,83,157,157,0,1,168
1654,1,1,12,31,157,157,1,1,101
1655,1,1,1,1,157,157,1,1,190
1656,1,1,9,21,157,157,0,1,108
1657,1,1,14,36,157,157,0,1,197
1658,1,1,3,7,157,157,0,1,115
1659,0,0,12,30,159,159,0,1,13
1660,0,0,17,44,159,159,0,1,15
1661,0,0,14,35,159,159,0,1,41
1662,0,0,18,48,159,159,0,1,32
1663,1,1,3,7,159,159,0,1,52
1664,1,2,10,24,159,159,0,2,41
1665,1,3,29,78,159,159,0,3,65
1666,0,0,27,74,159,159,0,3,53
1667,1,2,26,69,159,159,0,2,73
1668,0,0,35,94,159,159,0,3,80
1669,1,2,15,38,159,159,0,2,82
1670,1,1,4,11,159,159,0,1,98
1671,0,0,30,82,159,159,0,1,93
1672,0,0,7,17,159,159,0,1,109
1673,0,0,8,20,159,159,0,1,107
1674,1,1,9,21,159,159,0,1,118
1675,1,1,16,42,159,159,0,1,118
1676,0,0,19,51,159,159,0,1,130
1677,0,0,6,14,159,159,0,1,124
1678,1,1,1,1,159,159,0,1,137
1679,1,1,12,31,160,160,1,1,13
1680,1,1,30,83,160,160,1,1,13
1681,1,1,2,5,160,160,0,1,18
1682,1,2,32,87,160,160,1,2,24
1683,1,1,19,49,160,160,1,1,34
1684,1,1,8,19,160,160,1,1,37
1685,0,0,7,17,160,160,0,1,43
1686,1,1,9,21,160,160,1,1,42
1687,1,1,6,15,160,160,1,1,48
1688,1,1,17,43,160,160,1,1,49
1689,1,1,16,42,160,160,1,1,56
1690,1,1,4,11,160,160,1,1,57
1691,0,0,18,48,160,160,0,1,62
1692,1,1,1,1,160,160,1,1,64
1693,1,1,3,7,160,160,1,1,70
1694,1,1,14,36,160,160,1,1,72
1695,1,2,28,77,160,160,1,2,77
1696,1,2,15,38,160,160,1,2,82
1697,1,3,34,93,160,160,1,3,86
1698,1,2,10,24,160,160,1,2,90
1699,1,1,18,46,161,161,0,1,26
1700,1,2,20,53,161,161,0,2,143
1701,1,1,17,43,161,161,0,1,58
1702,1,2,10,24,161,161,1,2,170
1703,1,1,2,5,161,161,0,1,77
1704,1,1,4,11,161,161,0,1,203
1705,1,1,3,7,161,161,0,1,90
1706,1,1,30,83,161,161,0,1,219
1707,1,1,7,18,161,161,1,1,106
1708,1,1,19,49,161,161,0,1,237
1709,1,1,8,19,161,161,0,1,117
1710,0,0,6,14,161,161,0,1,244
1711,1,1,9,21,161,161,0,1,122
1712,1,1,12,31,161,161,1,1,287
1713,1,1,16,42,161,161,0,1,133
1714,1,1,14,36,161,161,0,1,295
1715,0,0,1,3,161,161,0,1,141
1716,1,2,21,55,161,161,0,2,310
1717,1,2,5,13,161,161,1,2,179
1718,1,2,32,87,161,161,0,2,318
1719,1,1,17,43,162,162,0,1,10
1720,1,2,10,24,162,162,0,2,8
1721,1,3,29,78,162,162,0,3,13
1722,1,3,27,73,162,162,0,3,12
1723,1,3,34,93,162,162,0,3,19
1724,1,3,24,66,162,162,0,3,16
1725,1,3,33,90,162,162,0,3,22
1726,1,3,25,67,162,162,0,3,21
1727,1,3,23,63,162,162,0,3,28
1728,1,3,35,95,162,162,0,3,25
1729,1,1,19,49,162,162,0,1,31
1730,1,2,13,32,162,162,0,2,34
1731,1,1,8,19,162,162,0,1,37
1732,1,2,26,69,162,162,0,2,40
1733,1,2,32,87,162,162,0,2,46
1734,1,2,31,84,162,162,0,2,44
1735,1,1,4,11,162,162,0,1,50
1736,1,2,15,38,162,162,0,2,50
1737,1,1,12,31,162,162,0,1,54
1738,1,2,20,53,162,162,0,2,54
1739,1,3,23,63,163,163,0,3,36
1740,0,0,33,88,163,163,0,3,26
1741,1,2,22,58,163,163,0,2,53
1742,1,3,27,73,163,163,0,3,39
1743,0,0,35,94,163,163,0,3,138
1744,1,2,31,84,164,164,0,2,25
1745,1,3,25,67,164,164,0,3,53
1746,1,3,33,90,164,164,0,3,47
1747,1,3,23,63,164,164,0,3,86
1748,0,0,26,71,164,164,0,2,61
1749,1,1,2,5,164,164,0,1,104
1750,1,1,30,83,164,164,0,1,77
1751,1,1,14,36,164,164,0,1,112
1752,1,1,8,19,164,164,0,1,90
1753,1,1,17,43,164,164,0,1,146
1754,1,1,16,42,164,164,0,1,104
1755,0,0,6,14,164,164,0,1,195
1756,1,1,3,7,164,164,0,1,115
1757,1,1,1,1,164,164,0,1,214
1758,1,1,19,49,164,164,0,1,130
1759,1,1,7,18,164,164,0,1,224
1760,1,1,18,46,164,164,0,1,154
1761,1,1,4,11,164,164,0,1,250
1762,1,1,12,31,164,164,0,1,164
1763,1,1,9,21,164,164,0,1,270
1764,1,1,17,43,165,165,0,1,23
1765,1,2,32,87,165,165,0,2,59
1766,1,3,24,66,165,165,0,3,43
1767,0,0,35,94,165,165,0,3,98
1768,1,2,28,77,165,165,0,2,55
1769,1,3,23,63,165,165,0,3,123
1770,1,2,20,53,165,165,0,2,58
1771,1,3,27,73,165,165,0,3,133
1772,1,2,15,38,165,165,0,2,75
1773,0,0,6,14,165,165,0,1,140
1774,1,1,4,11,165,165,0,1,96
1775,1,1,2,5,165,165,0,1,160
1776,1,1,8,19,165,165,0,1,102
1777,1,1,16,42,165,165,0,1,168
1778,1,1,7,18,165,165,0,1,115
1779,0,0,12,30,165,165,0,1,208
1780,1,1,14,36,165,165,0,1,133
1781,1,1,18,46,165,165,0,1,216
1782,1,1,19,49,165,165,0,1,143
1783,1,1,30,83,165,165,0,1,281
1784,0,0,6,14,166,166,0,1,25
1785,1,1,9,21,166,166,0,1,11
1786,1,2,31,84,166,166,0,2,43
1787,1,3,24,66,166,166,1,3,37
1788,1,2,32,87,166,166,1,2,55
1789,1,1,7,18,166,166,1,1,56
1790,1,1,8,19,166,166,1,1,74
1791,1,1,2,5,166,166,0,1,68
1792,1,2,21,55,166,166,1,2,89
1793,0,0,1,3,166,166,0,1,71
1794,1,1,19,49,166,166,1,1,105
1795,1,1,4,11,166,166,1,1,81
1796,1,1,14,36,166,166,0,1,123
1797,1,1,3,7,166,166,0,1,90
1798,1,1,30,83,166,166,1,1,143
1799,1,1,18,46,166,166,0,1,120
1800,1,1,17,43,166,166,1,1,155
1801,1,1,12,31,166,166,1,1,131
1802,1,1,16,42,166,166,0,1,182
1803,1,2,15,38,166,166,1,2,138
1804,1,1,16,42,167,167,1,1,8
1805,1,1,6,15,167,167,0,1,7
1806,1,2,5,13,167,167,1,2,14
1807,1,1,2,5,167,167,0,1,13
1808,1,2,10,24,167,167,1,2,21
1809,1,1,17,43,167,167,1,1,18
1810,1,1,30,83,167,167,0,1,24
1811,1,2,21,55,167,167,0,2,21
1812,1,3,27,73,167,167,1,3,31
1813,1,2,11,27,167,167,1,2,27
1814,1,1,3,7,167,167,1,1,37
1815,1,1,7,18,167,167,1,1,51
1816,1,1,4,11,167,167,0,1,43
1817,1,2,15,38,167,167,1,2,60
1818,1,1,18,46,167,167,1,1,57
1819,1,1,14,36,167,167,1,1,66
1820,1,1,12,31,167,167,1,1,64
1821,1,1,19,49,167,167,1,1,76
1822,1,1,1,1,167,167,0,1,69
1823,1,2,28,77,167,167,1,2,83
1824,1,1,7,18,168,168,0,1,7
1825,1,2,31,84,168,168,1,2,32
1826,1,1,30,83,168,168,0,1,15
1827,1,2,15,38,168,168,0,2,42
1828,1,3,23,63,168,168,1,3,40
1829,1,2,22,58,168,168,0,2,56
1830,1,3,27,73,168,168,1,3,67
1831,1,2,10,24,168,168,1,2,81
1832,1,1,1,1,168,168,0,1,80
1833,1,1,9,21,168,168,0,1,90
1834,0,0,6,14,168,168,0,1,86
1835,1,1,18,46,168,168,0,1,102
1836,1,1,16,42,168,168,1,1,105
1837,1,1,3,7,168,168,0,1,108
1838,1,1,8,19,168,168,0,1,113
1839,1,1,17,43,168,168,0,1,118
1840,1,1,19,49,168,168,0,1,133
1841,0,0,14,35,168,168,0,1,134
1842,1,1,2,5,168,168,0,1,142
1843,1,1,4,11,168,168,0,1,150
1844,0,0,6,14,169,169,0,1,24
1845,1,1,4,11,169,169,0,1,16
1846,1,2,13,32,169,169,0,2,44
1847,1,3,34,93,169,169,0,3,48
1848,1,3,25,67,169,169,0,3,66
1849,0,0,23,62,169,169,0,3,65
1850,0,0,26,71,169,169,0,2,79
1851,1,1,8,19,169,169,0,1,76
1852,1,1,2,5,169,169,0,1,91
1853,1,1,18,46,169,169,0,1,103
1854,1,1,16,42,169,169,0,1,99
1855,1,1,30,83,169,169,0,1,116
1856,1,1,19,49,169,169,0,1,116
1857,1,1,17,43,169,169,0,1,132
1858,1,1,14,36,169,169,0,1,129
1859,1,1,12,31,169,169,1,1,179
1860,1,1,9,21,169,169,0,1,141
1861,1,1,1,1,169,169,0,1,190
1862,1,1,7,18,169,169,0,1,160
1863,1,1,3,7,169,169,0,1,211
1864,0,0,6,14,170,170,0,1,11
1865,1,1,4,11,170,170,0,1,33
1866,0,0,10,25,170,170,0,2,32
1867,1,1,17,43,170,170,0,1,61
1868,0,0,5,12,170,170,0,2,43
1869,1,1,3,7,170,170,0,1,72
1870,1,2,11,27,170,170,0,2,82
1871,1,1,9,21,170,170,0,1,94
1872,1,1,30,83,170,170,0,1,98
1873,1,1,12,31,170,170,0,1,110
1874,1,1,7,18,170,170,0,1,111
1875,1,1,18,46,170,170,0,1,150
1876,1,1,19,49,170,170,0,1,129
1877,1,1,8,19,170,170,0,1,162
1878,1,1,2,5,170,170,0,1,144
1879,1,1,14,36,170,170,0,1,192
1880,1,1,16,42,170,170,0,1,171
1881,0,0,1,3,170,170,0,1,202
1882,1,3,25,67,170,170,0,3,202
1883,0,0,13,33,170,170,0,2,237
1884,1,1,9,21,171,171,0,1,172
1885,1,1,12,31,171,171,0,1,8
1886,1,2,28,77,171,171,0,2,202
1887,1,1,8,19,171,171,0,1,16
1888,1,2,15,38,171,171,0,2,221
1889,1,1,6,15,171,171,0,1,21
1890,1,2,21,55,171,171,0,2,240
1891,1,1,3,7,171,171,0,1,30
1892,0,0,5,12,171,171,0,2,247
1893,1,1,2,5,171,171,0,1,45
1894,0,0,31,85,171,171,0,2,269
1895,1,1,18,46,171,171,0,1,53
1896,1,2,11,27,171,171,0,2,276
1897,1,1,19,49,171,171,0,1,80
1898,1,1,4,11,171,171,0,1,287
1899,1,1,16,42,171,171,0,1,92
1900,1,1,14,36,171,171,0,1,298
1901,1,1,30,83,171,171,0,1,99
1902,1,1,1,1,171,171,0,1,310
1903,1,1,17,43,171,171,0,1,116
1904,1,1,2,5,172,172,0,1,10
1905,0,0,26,71,172,172,0,2,8
1906,1,1,17,43,172,172,0,1,22
1907,1,2,31,84,172,172,0,2,27
1908,0,0,27,74,172,172,0,3,39
1909,1,2,13,32,172,172,0,2,34
1910,0,0,24,64,172,172,0,3,58
1911,1,2,15,38,172,172,0,2,57
1912,1,3,25,67,172,172,0,3,69
1913,1,3,29,78,172,172,0,3,79
1914,0,0,32,86,172,172,0,2,80
1915,1,1,3,7,172,172,0,1,95
1916,1,1,12,31,172,172,0,1,93
1917,1,1,6,15,172,172,0,1,103
1918,1,1,7,18,172,172,0,1,104
1919,1,1,4,11,172,172,0,1,109
1920,1,1,9,21,172,172,0,1,112
1921,1,1,30,83,172,172,0,1,115
1922,1,1,1,1,172,172,0,1,121
1923,1,1,16,42,172,172,0,1,123
1924,1,1,17,43,174,174,0,1,14
1925,1,2,11,27,174,174,0,2,8
1926,1,3,35,95,174,174,1,3,27
1927,1,2,22,58,174,174,0,2,18
1928,0,0,33,88,174,174,0,3,41
1929,0,0,5,12,174,174,0,2,32
1930,1,1,19,49,174,174,0,1,57
1931,1,2,20,53,174,174,0,2,36
1932,0,0,27,74,174,174,0,3,64
1933,1,2,32,87,174,174,0,2,43
1934,0,0,29,79,174,174,0,3,77
1935,1,2,31,84,174,174,0,2,55
1936,1,3,34,93,174,174,1,3,100
1937,1,2,13,32,174,174,0,2,74
1938,0,0,24,65,174,174,0,3,109
1939,1,2,28,77,174,174,0,2,97
1940,1,1,30,83,174,174,0,1,119
1941,1,1,6,15,174,174,0,1,101
1942,1,1,3,7,174,174,0,1,129
1943,1,1,12,31,174,174,0,1,106
1944,1,1,12,31,143,143,0,1,3
1945,1,2,22,58,143,143,0,2,7
1946,1,3,27,73,143,143,0,3,7
1947,1,3,35,95,143,143,0,3,15
1948,1,3,25,67,143,143,0,3,14
1949,1,3,29,78,143,143,0,3,21
1950,1,3,34,93,143,143,0,3,20
1951,1,3,24,66,143,143,0,3,25
1952,0,0,23,62,143,143,0,3,29
1953,1,2,20,53,143,143,0,2,29
1954,0,0,33,88,143,143,0,3,36
1955,1,2,28,77,143,143,0,2,33
1956,1,1,30,83,143,143,0,1,41
1957,1,2,21,55,143,143,0,2,46
1958,1,2,10,24,143,143,0,2,47
1959,1,3,34,93,175,175,0,3,3
1960,1,3,25,67,175,175,0,3,6
1961,1,3,27,73,175,175,0,3,7
1962,1,3,35,95,175,175,0,3,10
1963,1,3,23,63,175,175,0,3,12
1964,1,3,29,78,175,175,0,3,14
1965,1,3,24,66,175,175,0,3,15
1966,1,3,33,90,175,175,0,3,20
1967,1,1,19,49,175,175,0,1,20
1968,0,0,26,71,175,175,0,2,29
1969,1,1,18,46,175,175,0,1,28
1970,1,2,20,53,175,175,0,2,31
1971,1,1,2,5,175,175,0,1,38
1972,1,2,28,77,175,175,0,2,35
1973,1,1,12,31,175,175,0,1,42
1974,1,2,31,84,175,175,0,2,42
1975,1,1,9,21,175,175,0,1,49
1976,1,2,10,24,175,175,0,2,47
1977,1,2,22,58,175,175,0,2,52
1978,1,1,1,1,175,175,0,1,53
1979,1,2,10,24,177,177,0,2,6
1980,0,0,33,88,177,177,0,3,20
1981,1,2,15,38,177,177,1,2,18
1982,1,1,9,21,177,177,0,1,30
1983,1,2,21,55,177,177,0,2,25
1984,0,0,24,65,177,177,0,3,38
1985,1,2,13,32,177,177,0,2,36
1986,1,3,25,67,177,177,0,3,50
1987,1,3,35,95,177,177,0,3,45
1988,0,0,27,72,177,177,0,3,56
1989,1,2,5,13,177,177,0,2,52
1990,1,3,23,63,177,177,0,3,62
1991,0,0,34,91,177,177,0,3,54
1992,0,0,32,86,177,177,0,2,66
1993,1,1,2,5,177,177,0,1,58
1994,1,2,22,58,177,177,0,2,70
1995,1,3,29,78,177,177,0,3,65
1996,0,0,7,17,177,177,0,1,77
1997,0,0,1,2,177,177,0,1,71
1998,1,1,16,42,177,177,0,1,81
1999,0,0,7,16,163,163,0,1,20
2000,1,1,2,5,163,163,0,1,22
2001,0,0,28,76,163,163,0,2,29
2002,0,0,8,20,163,163,0,1,39
2003,1,1,3,7,163,163,0,1,61
2004,1,2,15,38,163,163,0,2,56
2005,0,0,29,79,163,163,0,3,82
2006,1,2,10,24,163,163,0,2,70
2007,0,0,34,91,163,163,0,3,112
2008,1,2,11,27,163,163,0,2,94
2009,0,0,1,3,163,163,0,1,121
2010,0,0,9,23,163,163,0,1,112
2011,1,1,4,11,163,163,0,1,130
2012,1,1,17,43,163,163,0,1,387
2013,1,1,6,15,163,163,0,1,15
2014,1,2,32,87,178,178,0,2,9
2015,1,3,35,95,178,178,1,3,46
2016,0,0,15,39,178,178,0,2,34
2017,0,0,1,3,178,178,0,1,52
2018,1,1,4,11,178,178,0,1,52
2019,0,0,26,71,178,178,0,2,62
2020,1,1,16,42,178,178,0,1,61
2021,1,2,21,55,178,178,0,2,324
2022,1,1,8,19,178,178,0,1,67
2023,1,2,10,24,178,178,0,2,346
2024,0,0,7,16,178,178,0,1,81
2025,0,0,18,47,178,178,0,1,367
2026,0,0,6,14,178,178,0,1,88
2027,1,1,14,36,178,178,0,1,717
2028,0,0,12,30,178,178,0,1,94
2029,1,1,2,5,178,178,0,1,727
2030,1,1,9,21,178,178,0,1,100
2031,1,1,17,43,178,178,0,1,745
2032,1,1,30,83,178,178,0,1,117
2033,1,1,19,49,178,178,0,1,792
2034,1,1,19,49,179,179,0,1,6
2035,1,2,31,84,179,179,0,2,13
2036,1,3,23,63,179,179,0,3,21
2037,0,0,34,91,179,179,0,3,44
2038,1,2,10,24,179,179,0,2,26
2039,1,3,29,78,179,179,0,3,56
2040,1,3,35,95,179,179,0,3,33
2041,1,3,25,67,179,179,0,3,65
2042,1,3,27,73,179,179,1,3,57
2043,1,2,13,32,179,179,0,2,77
2044,1,1,4,11,179,179,0,1,68
2045,1,2,32,87,179,179,0,2,89
2046,1,1,18,46,179,179,0,1,80
2047,0,0,12,30,179,179,0,1,107
2048,1,1,6,15,179,179,1,1,94
2049,1,1,2,5,179,179,0,1,115
2050,1,1,30,83,179,179,0,1,105
2051,1,1,16,42,179,179,0,1,122
2052,1,1,7,18,179,179,0,1,114
2053,1,1,17,43,179,179,0,1,131
2054,1,1,3,7,180,180,0,1,7
2055,1,2,13,32,180,180,0,2,7
2056,1,3,25,67,180,180,1,3,28
2057,1,2,20,53,180,180,0,2,12
2058,0,0,34,92,180,180,0,3,36
2059,1,2,21,55,180,180,0,2,29
2060,1,3,23,63,180,180,0,3,41
2061,1,3,33,90,180,180,0,3,46
2062,0,0,24,65,180,180,0,3,45
2063,1,2,31,84,180,180,1,2,63
2064,1,1,2,5,180,180,0,1,48
2065,1,2,28,77,180,180,0,2,69
2066,1,3,35,95,180,180,0,3,57
2067,0,0,29,80,180,180,0,3,77
2068,1,2,15,38,180,180,0,2,64
2069,1,3,27,73,180,180,0,3,81
2070,1,2,11,27,180,180,0,2,68
2071,1,1,17,43,180,180,0,1,86
2072,1,1,4,11,180,180,0,1,73
2073,0,0,26,71,180,180,0,2,90
2074,1,1,4,11,181,181,0,1,4
2075,1,2,20,53,181,181,0,2,2
2076,1,3,35,95,181,181,0,3,5
2077,1,3,23,63,181,181,0,3,5
2078,1,3,24,66,181,181,0,3,5
2079,0,0,29,80,181,181,0,3,5
2080,1,2,5,13,181,181,0,2,5
2081,1,3,33,90,181,181,0,3,5
2082,1,3,27,73,181,181,0,3,5
2083,1,3,34,93,181,181,0,3,5
2084,1,3,25,67,181,181,0,3,5
2085,1,2,28,77,181,181,0,2,5
2086,1,2,10,24,181,181,0,2,5
2087,1,1,8,19,181,181,0,1,5
2088,1,2,11,27,181,181,0,2,5
2089,1,2,31,84,181,181,0,2,5
2090,1,2,31,84,181,181,0,2,5
2091,1,1,7,18,181,181,0,1,5
2092,1,2,26,69,181,181,0,2,5
2093,1,2,21,55,181,181,0,2,5
2094,1,3,23,63,182,182,0,3,10
2095,1,3,35,95,182,182,0,3,7
2096,1,3,33,90,182,182,1,3,84
2097,1,2,28,77,182,182,0,2,48
2098,1,3,24,66,182,182,1,3,92
2099,0,0,15,39,182,182,0,2,127
2100,1,1,3,7,182,182,0,1,105
2101,1,1,17,43,182,182,0,1,139
2102,1,1,18,46,182,182,0,1,126
2103,1,1,19,49,182,182,0,1,149
2104,1,1,16,42,182,182,0,1,138
2105,1,1,9,21,182,182,0,1,6
2106,1,2,21,55,182,182,0,2,48
2107,1,3,25,67,182,182,0,3,954
2108,0,0,32,86,182,182,0,2,56
2109,1,1,14,36,182,182,0,1,1317
2110,1,1,8,19,182,182,0,1,61
2111,1,2,20,53,182,182,0,2,1336
2112,1,1,1,1,183,183,1,1,21
2113,1,1,4,11,183,183,0,1,20
2114,1,2,22,58,183,183,0,2,44
2115,1,3,23,63,183,183,0,3,34
2116,1,3,24,66,183,183,1,3,67
2117,1,2,28,77,183,183,0,2,116
2118,1,1,6,15,183,183,0,1,85
2119,0,0,12,30,183,183,0,1,129
2120,1,1,14,36,183,183,0,1,100
2121,1,1,18,46,183,183,1,1,175
2122,1,1,17,43,183,183,0,1,130
2123,1,1,30,83,183,183,1,1,197
2124,1,1,3,7,183,183,0,1,144
2125,1,1,2,5,183,183,0,1,206
2126,1,1,9,21,183,183,0,1,155
2127,1,1,19,49,183,183,0,1,219
2128,0,0,7,16,183,183,0,1,156
2129,1,1,8,19,183,183,0,1,156
2130,1,1,16,42,183,183,0,1,156
2131,1,2,10,24,183,183,0,2,156
2132,1,1,17,43,184,184,0,1,9
2133,1,2,28,77,184,184,0,2,21
2134,1,3,25,67,184,184,0,3,14
2135,0,0,27,72,184,184,0,3,39
2136,1,2,31,84,184,184,0,2,23
2137,1,3,35,95,184,184,0,3,42
2138,1,3,24,66,184,184,0,3,31
2139,1,3,29,78,184,184,0,3,51
2140,0,0,23,62,184,184,0,3,55
2141,1,2,21,55,184,184,0,2,57
2142,1,3,33,90,184,184,0,3,65
2143,1,3,34,93,184,184,0,3,65
2144,1,1,19,49,184,184,0,1,82
2145,1,1,3,7,184,184,0,1,72
2146,1,2,15,38,184,184,0,2,96
2147,1,1,18,46,184,184,0,1,76
2148,1,1,8,19,184,184,0,1,101
2149,1,1,14,36,184,184,0,1,89
2150,1,1,4,11,184,184,0,1,112
2151,1,1,1,1,184,184,0,1,106
2152,1,1,2,5,185,185,0,1,6
2153,1,2,13,32,185,185,0,2,10
2154,1,3,24,66,185,185,0,3,11
2155,1,3,33,90,185,185,0,3,16
2156,1,3,35,95,185,185,0,3,14
2157,1,3,29,78,185,185,0,3,21
2158,1,3,23,63,185,185,0,3,25
2159,1,3,27,73,185,185,0,3,28
2160,1,3,34,93,185,185,0,3,30
2161,1,3,25,67,185,185,0,3,33
2162,1,1,17,43,185,185,0,1,39
2163,1,2,26,69,185,185,1,2,56
2164,1,1,7,18,185,185,0,1,45
2165,1,2,21,55,185,185,0,2,63
2166,1,1,6,15,185,185,0,1,51
2167,1,2,20,53,185,185,0,2,68
2168,1,1,12,31,185,185,1,1,63
2169,1,1,18,46,185,185,0,1,72
2170,1,2,32,87,185,185,0,2,69
2171,1,1,1,1,185,185,0,1,77
2172,0,0,34,91,186,186,0,3,4
2173,1,2,13,32,186,186,0,2,9
2174,1,3,25,67,186,186,0,3,8
2175,1,3,35,95,186,186,0,3,13
2176,1,3,29,78,186,186,0,3,12
2177,1,3,23,63,186,186,0,3,20
2178,1,3,27,73,186,186,0,3,20
2179,1,3,24,66,186,186,0,3,28
2180,1,3,33,90,186,186,0,3,280
2181,1,2,26,69,186,186,0,2,44
2182,1,1,30,83,186,186,0,1,286
2183,1,1,16,42,186,186,0,1,57
2184,1,2,10,24,186,186,0,2,294
2185,1,1,12,31,186,186,0,1,61
2186,1,2,21,55,186,186,0,2,299
2187,1,1,1,1,186,186,0,1,67
2188,0,0,5,12,186,186,0,2,312
2189,1,1,8,19,186,186,0,1,74
2190,1,2,11,27,186,186,0,2,329
2191,1,1,9,21,186,186,0,1,78
2192,1,1,14,36,187,187,0,1,29
2193,1,2,15,38,187,187,0,2,24
2194,1,3,24,66,187,187,0,3,36
2195,1,3,35,95,187,187,0,3,28
2196,1,3,27,73,187,187,0,3,39
2197,1,3,23,63,187,187,0,3,41
2198,1,3,29,78,187,187,0,3,42
2199,1,3,33,90,187,187,0,3,45
2200,1,3,25,67,187,187,0,3,46
2201,1,3,34,93,187,187,0,3,55
2202,1,2,5,13,187,187,0,2,51
2203,1,1,8,19,187,187,0,1,60
2204,1,1,4,11,187,187,0,1,59
2205,1,2,21,55,187,187,0,2,66
2206,1,2,28,77,187,187,0,2,66
2207,1,1,1,1,187,187,0,1,70
2208,1,2,11,27,187,187,0,2,803
2209,1,1,7,18,187,187,0,1,79
2210,1,1,19,49,187,187,0,1,807
2211,1,1,3,7,187,187,0,1,88
2212,0,0,4,10,188,188,0,1,28
2213,1,1,14,36,188,188,1,1,34
2214,1,1,17,43,188,188,0,1,58
2215,0,0,28,76,189,189,0,2,17
2216,1,1,19,49,189,189,0,1,34
2217,1,2,15,38,189,189,0,2,26
2218,0,0,29,79,189,189,0,3,44
2219,0,0,5,12,189,189,0,2,31
2220,1,1,9,21,189,189,0,1,54
2221,0,0,22,60,189,189,0,2,37
2222,1,1,4,11,189,189,0,1,59
2223,1,2,11,27,189,189,0,2,59
2224,0,0,35,94,189,189,0,3,76
2225,1,2,13,32,189,189,0,2,73
2226,1,3,25,67,189,189,0,3,96
2227,1,2,10,24,189,189,0,2,87
2228,1,1,30,83,189,189,0,1,107
2229,1,1,16,42,189,189,0,1,93
2230,0,0,6,14,189,189,0,1,134
2231,1,1,3,7,189,189,0,1,101
2232,1,1,12,31,189,189,0,1,138
2233,1,1,1,1,189,189,0,1,110
2234,1,1,18,46,189,189,0,1,148
2235,1,1,18,46,190,190,0,1,6
2236,1,2,22,58,190,190,0,2,5
2237,0,0,27,72,190,190,0,3,39
2238,1,2,5,13,190,190,1,2,41
2239,1,1,30,83,190,190,0,1,45
2240,1,2,21,55,190,190,0,2,50
2241,1,3,34,93,190,190,0,3,138
2242,1,2,10,24,190,190,0,2,55
2243,1,3,29,78,190,190,0,3,220
2244,1,2,28,77,190,190,0,2,98
2245,1,1,8,19,190,190,0,1,225
2246,1,1,17,43,190,190,0,1,120
2247,1,1,2,5,190,190,0,1,234
2248,0,0,7,16,190,190,0,1,175
2249,1,1,19,49,190,190,0,1,287
2250,1,1,14,36,190,190,0,1,183
2251,1,1,12,31,190,190,0,1,293
2252,1,1,9,21,190,190,0,1,186
2253,1,1,3,7,190,190,0,1,297
2254,1,1,1,1,190,190,0,1,191
2255,1,1,19,49,191,191,0,1,10
2256,1,2,22,58,191,191,0,2,43
2257,0,0,23,61,191,191,0,3,174
2258,0,0,26,71,191,191,0,2,51
2259,1,1,8,19,191,191,0,1,180
2260,1,1,18,46,191,191,0,1,55
2261,1,2,10,24,191,191,0,2,184
2262,1,1,6,15,191,191,0,1,68
2263,1,2,21,55,191,191,0,2,190
2264,1,1,2,5,191,191,0,1,88
2265,0,0,4,10,191,191,0,1,202
2266,1,1,14,36,191,191,0,1,94
2267,1,1,16,42,191,191,0,1,212
2268,1,1,3,7,191,191,0,1,102
2269,1,1,1,1,191,191,0,1,215
2270,1,1,17,43,191,191,0,1,108
2271,1,1,7,18,191,191,0,1,220
2272,1,1,30,83,191,191,0,1,113
2273,1,1,12,31,191,191,0,1,228
2274,1,1,9,21,191,191,0,1,117
2275,1,1,18,46,192,192,0,1,3
2276,1,2,22,58,192,192,0,2,5
2277,0,0,24,64,192,192,0,3,93
2278,1,2,21,55,192,192,0,2,11
2279,0,0,27,72,192,192,0,3,98
2280,1,2,32,87,192,192,0,2,18
2281,1,3,25,67,192,192,0,3,104
2282,1,2,5,13,192,192,0,2,23
2283,0,0,35,94,192,192,0,3,111
2284,1,2,15,38,192,192,0,2,33
2285,0,0,33,89,192,192,0,3,118
2286,1,2,13,32,192,192,0,2,51
2287,1,3,29,78,192,192,0,3,131
2288,1,2,28,77,192,192,0,2,55
2289,0,0,34,91,192,192,0,3,138
2290,1,2,26,69,192,192,0,2,61
2291,1,3,23,63,192,192,0,3,142
2292,1,2,10,24,192,192,0,2,64
2293,1,1,7,18,192,192,0,1,146
2294,1,1,17,43,192,192,0,1,69
2295,1,2,28,77,193,193,0,2,4
2296,1,3,33,90,193,193,0,3,6
2297,1,3,29,78,193,193,0,3,18
2298,1,3,34,93,193,193,0,3,11
2299,1,3,27,73,193,193,0,3,38
2300,1,3,35,95,193,193,0,3,16
2301,1,3,25,67,193,193,0,3,43
2302,1,3,24,66,193,193,0,3,37
2303,1,3,23,63,193,193,0,3,47
2304,1,1,30,83,193,193,0,1,41
2305,1,2,26,69,193,193,0,2,52
2306,1,2,11,27,193,193,0,2,45
2307,1,1,1,1,193,193,0,1,55
2308,1,2,31,84,193,193,0,2,85
2309,1,1,19,49,193,193,0,1,62
2310,1,2,15,38,193,193,0,2,92
2311,1,1,17,43,193,193,0,1,66
2312,1,2,13,32,193,193,0,2,98
2313,1,1,7,18,193,193,0,1,71
2314,1,2,32,87,193,193,0,2,106
2315,1,1,30,83,194,194,0,1,10
2316,1,2,21,55,194,194,0,2,6
2317,1,3,23,63,194,194,0,3,15
2318,1,3,29,78,194,194,0,3,13
2319,1,3,24,66,194,194,0,3,20
2320,1,3,27,73,194,194,0,3,17
2321,1,3,25,67,194,194,0,3,25
2322,1,3,35,95,194,194,0,3,25
2323,1,3,34,93,194,194,0,3,35
2324,1,3,33,90,194,194,0,3,32
2325,1,2,15,38,194,194,0,2,41
2326,1,1,2,5,194,194,0,1,44
2327,1,2,32,87,194,194,0,2,45
2328,1,2,26,69,194,194,0,2,48
2329,1,1,19,49,194,194,0,1,58
2330,1,2,31,84,194,194,0,2,56
2331,1,2,13,32,194,194,0,2,64
2332,1,1,12,31,194,194,0,1,63
2333,1,2,5,13,194,194,0,2,70
2334,1,2,10,24,194,194,0,2,67
2335,0,0,29,80,195,195,0,3,155
2336,1,2,28,77,195,195,0,2,8
2337,1,3,27,73,195,195,0,3,165
2338,1,2,31,84,195,195,0,2,19
2339,0,0,33,89,195,195,1,3,182
2340,1,2,5,13,195,195,0,2,36
2341,1,3,24,66,195,195,1,3,209
2342,0,0,26,71,195,195,1,2,51
2343,1,1,6,15,195,195,0,1,213
2344,1,1,9,21,195,195,0,1,58
2345,1,2,11,27,195,195,0,2,218
2346,1,1,3,7,195,195,0,1,69
2347,1,2,13,32,195,195,0,2,227
2348,1,1,12,31,195,195,0,1,77
2349,1,1,30,83,195,195,0,1,232
2350,1,1,2,5,195,195,0,1,92
2351,1,1,17,43,195,195,0,1,244
2352,0,0,1,3,195,195,0,1,100
2353,1,1,16,42,195,195,0,1,251
2354,1,1,8,19,195,195,0,1,114
2355,1,1,2,5,196,196,0,1,4
2356,1,2,10,24,196,196,0,2,15
2357,0,0,25,68,196,196,0,3,28
2358,1,2,32,87,196,196,0,2,22
2359,1,3,24,66,196,196,0,3,33
2360,1,3,33,90,196,196,0,3,28
2361,1,3,23,63,196,196,1,3,55
2362,1,2,28,77,196,196,0,2,33
2363,1,3,29,78,196,196,0,3,62
2364,1,3,34,93,196,196,1,3,44
2365,1,2,21,55,196,196,1,2,72
2366,1,1,3,7,196,196,0,1,49
2367,1,2,13,32,196,196,0,2,78
2368,1,1,1,1,196,196,0,1,52
2369,1,2,31,84,196,196,0,2,86
2370,1,1,8,19,196,196,0,1,57
2371,1,2,11,27,196,196,0,2,90
2372,1,1,9,21,196,196,0,1,61
2373,1,2,22,58,196,196,1,2,109
2374,1,1,4,11,196,196,1,1,79
2375,1,1,1,1,197,197,0,1,3
2376,1,2,31,84,197,197,0,2,4
2377,1,3,34,93,197,197,0,3,7
2378,0,0,25,68,197,197,0,3,11
2379,1,2,11,27,197,197,0,2,11
2380,1,3,35,95,197,197,1,3,22
2381,1,2,22,58,197,197,0,2,15
2382,1,3,27,73,197,197,0,3,27
2383,1,3,24,66,197,197,0,3,18
2384,1,3,23,63,197,197,0,3,34
2385,1,3,33,90,197,197,0,3,24
2386,1,3,29,78,197,197,0,3,39
2387,1,1,3,7,197,197,0,1,27
2388,1,2,26,69,197,197,0,2,43
2389,1,1,2,5,197,197,0,1,31
2390,1,2,32,87,197,197,0,2,47
2391,1,2,15,38,197,197,1,2,41
2392,1,1,6,15,197,197,0,1,50
2393,1,2,20,53,197,197,1,2,52
2394,1,1,4,11,197,197,0,1,56
2395,1,2,20,53,198,198,0,2,3
2396,1,3,34,93,198,198,0,3,4
2397,1,3,23,63,198,198,0,3,7
2398,1,3,27,73,198,198,0,3,6
2399,1,3,35,95,198,198,0,3,11
2400,1,3,24,66,198,198,0,3,9
2401,1,3,33,90,198,198,0,3,15
2402,1,3,29,78,198,198,0,3,13
2403,0,0,25,68,198,198,0,3,20
2404,1,2,21,55,198,198,0,2,16
2405,1,1,18,46,198,198,0,1,23
2406,1,2,13,32,198,198,0,2,20
2407,1,2,22,58,198,198,0,2,27
2408,1,1,7,18,198,198,1,1,42
2409,1,1,14,36,198,198,1,1,50
2410,1,1,17,43,198,198,0,1,48
2411,1,2,28,77,198,198,0,2,55
2412,1,1,9,21,198,198,0,1,52
2413,1,2,5,13,198,198,0,2,59
2414,0,0,16,41,198,198,0,1,57
2415,1,3,34,93,199,199,1,3,22
2416,1,2,11,27,199,199,0,2,7
2417,1,3,25,67,199,199,0,3,30
2418,1,3,33,90,199,199,0,3,14
2419,1,3,23,63,199,199,0,3,41
2420,1,3,27,73,199,199,0,3,25
2421,1,3,29,78,199,199,0,3,48
2422,0,0,35,94,199,199,0,3,36
2423,1,2,15,38,199,199,0,2,445
2424,1,1,3,7,199,199,0,1,58
2425,0,0,26,71,199,199,0,2,451
2426,0,0,12,30,199,199,0,1,66
2427,1,1,6,15,199,199,0,1,455
2428,1,1,9,21,199,199,0,1,73
2429,1,2,5,13,199,199,0,2,490
2430,1,1,2,5,199,199,0,1,84
2431,1,1,30,83,199,199,0,1,497
2432,1,1,16,42,199,199,0,1,97
2433,1,1,7,18,199,199,0,1,502
2434,1,1,18,46,199,199,0,1,105
2435,1,1,4,11,200,200,0,1,16
2436,1,2,32,87,200,200,0,2,19
2437,1,3,33,90,200,200,0,3,23
2438,1,3,23,63,200,200,0,3,26
2439,1,3,25,67,200,200,0,3,32
2440,1,3,34,93,200,200,0,3,36
2441,1,3,29,78,200,200,0,3,47
2442,0,0,24,64,200,200,0,3,110
2443,1,2,20,53,200,200,0,2,52
2444,1,3,27,73,200,200,0,3,114
2445,1,2,31,84,200,200,0,2,70
2446,1,3,35,95,200,200,0,3,124
2447,1,2,21,55,200,200,0,2,85
2448,1,1,30,83,200,200,0,1,131
2449,1,1,16,42,200,200,0,1,89
2450,1,1,8,19,200,200,0,1,139
2451,1,1,17,43,200,200,0,1,104
2452,1,1,14,36,200,200,0,1,174
2453,1,1,12,31,200,200,0,1,110
2454,1,1,6,15,200,200,0,1,178
2455,1,1,14,36,201,201,0,1,6
2456,1,2,11,27,201,201,0,2,4
2457,1,3,23,63,201,201,0,3,14
2458,1,3,35,95,201,201,0,3,12
2459,1,3,27,73,201,201,0,3,17
2460,1,3,24,66,201,201,0,3,25
2461,1,3,29,78,201,201,0,3,22
2462,1,3,34,93,201,201,0,3,31
2463,1,3,25,67,201,201,0,3,27
2464,1,3,33,90,201,201,0,3,36
2465,1,1,4,11,201,201,0,1,36
2466,1,2,5,13,201,201,0,2,41
2467,1,2,21,55,201,201,0,2,44
2468,1,1,9,21,201,201,0,1,45
2469,1,2,15,38,201,201,0,2,50
2470,1,2,28,77,201,201,0,2,58
2471,1,2,13,32,201,201,0,2,59
2472,1,2,22,58,201,201,0,2,71
2473,1,2,32,87,201,201,0,2,64
2474,1,1,17,43,201,201,0,1,78
2475,1,1,8,19,202,202,0,1,11
2476,1,2,13,32,202,202,0,2,14
2477,1,3,25,67,202,202,0,3,29
2478,1,3,23,63,202,202,0,3,25
2479,1,3,34,93,202,202,1,3,50
2480,0,0,26,70,202,202,0,2,35
2481,1,1,3,7,202,202,0,1,63
2482,1,2,32,87,202,202,1,2,47
2483,1,1,14,36,202,202,0,1,76
2484,1,1,30,83,202,202,1,1,69
2485,1,1,17,43,202,202,0,1,89
2486,1,1,19,49,202,202,1,1,83
2487,1,1,16,42,202,202,1,1,102
2488,1,1,9,21,202,202,0,1,91
2489,1,1,6,15,202,202,1,1,115
2490,1,1,4,11,202,202,1,1,118
2491,1,1,2,5,202,202,1,1,133
2492,1,1,7,18,202,202,1,1,136
2493,1,1,18,46,202,202,0,1,144
2494,1,1,12,31,202,202,1,1,145
2495,1,1,7,18,203,203,0,1,6
2496,1,2,32,87,203,203,0,2,2
2497,1,3,25,67,203,203,0,3,13
2498,1,3,23,63,203,203,0,3,7
2499,0,0,29,79,203,203,0,3,20
2500,1,2,21,55,203,203,0,2,14
2501,1,3,35,95,203,203,0,3,28
2502,1,3,24,66,203,203,0,3,18
2503,1,3,34,93,203,203,0,3,41
2504,1,3,27,73,203,203,0,3,23
2505,1,3,33,90,203,203,0,3,636
2506,1,2,28,77,203,203,0,2,42
2507,1,2,10,24,203,203,0,2,640
2508,1,1,4,11,203,203,0,1,53
2509,1,2,20,53,203,203,0,2,645
2510,1,1,30,83,203,203,0,1,57
2511,1,2,22,58,203,203,0,2,650
2512,1,1,12,31,203,203,0,1,62
2513,0,0,15,39,203,203,0,2,663
2514,1,1,16,42,203,203,0,1,70
2515,1,2,28,77,204,204,0,2,6
2516,1,3,33,90,204,204,0,3,5
2517,1,3,25,67,204,204,0,3,12
2518,1,3,24,66,204,204,0,3,9
2519,1,3,27,73,204,204,0,3,17
2520,0,0,34,91,204,204,0,3,14
2521,1,2,5,13,204,204,0,2,21
2522,1,3,35,95,204,204,0,3,20
2523,1,3,23,63,204,204,0,3,24
2524,1,3,29,78,204,204,0,3,27
2525,1,1,4,11,204,204,0,1,30
2526,0,0,13,33,204,204,0,2,31
2527,1,1,16,42,204,204,0,1,34
2528,1,2,22,58,204,204,0,2,34
2529,1,1,9,21,204,204,0,1,39
2530,1,2,15,38,204,204,0,2,40
2531,1,1,3,7,204,204,0,1,47
2532,1,2,32,87,204,204,0,2,45
2533,1,2,31,84,204,204,0,2,53
2534,1,1,2,5,204,204,0,1,50
2535,1,2,20,53,205,205,1,2,9
2536,1,1,6,15,205,205,1,1,12
2537,1,1,2,5,205,205,0,1,15
2538,1,2,5,13,205,205,0,2,18
2539,1,3,24,66,205,205,1,3,28
2540,1,2,21,55,205,205,1,2,65
2541,1,1,1,1,205,205,0,1,38
2542,1,2,31,84,205,205,1,2,93
2543,1,1,9,21,205,205,0,1,44
2544,1,2,28,77,205,205,0,2,206
2545,1,1,12,31,205,205,1,1,53
2546,1,1,30,83,205,205,1,1,228
2547,1,1,16,42,205,205,1,1,64
2548,1,1,19,49,205,205,0,1,240
2549,1,1,8,19,205,205,0,1,74
2550,1,2,32,87,205,205,1,2,268
2551,1,1,4,11,205,205,0,1,79
2552,1,1,7,18,205,205,0,1,274
2553,1,1,14,36,205,205,0,1,103
2554,1,1,17,43,205,205,0,1,290
2555,1,1,17,43,206,206,0,1,6
2556,1,2,11,27,206,206,1,2,10
2557,1,1,2,5,206,206,0,1,10
2558,1,2,32,87,206,206,0,2,16
2559,1,3,29,78,206,206,1,3,24
2560,1,2,22,58,206,206,0,2,23
2561,1,3,23,63,206,206,1,3,34
2562,1,2,10,24,206,206,0,2,29
2563,1,3,33,90,206,206,1,3,54
2564,1,2,26,69,206,206,1,2,40
2565,1,1,18,46,206,206,1,1,61
2566,1,1,30,83,206,206,0,1,47
2567,1,2,28,77,206,206,0,2,68
2568,1,3,27,73,206,206,1,3,57
2569,1,2,15,38,206,206,1,2,104
2570,1,1,7,18,206,206,0,1,62
2571,1,2,13,32,206,206,1,2,124
2572,1,1,4,11,206,206,0,1,66
2573,1,2,21,55,206,206,0,2,141
2574,1,1,12,31,206,206,1,1,87
2575,0,0,3,,207,207,0,,
2576,0,0,3,,207,207,0,,
2577,0,0,3,,207,207,0,,
2578,0,0,3,,207,207,0,,
2579,0,0,3,,207,207,0,,
2580,1,1,16,42,208,208,0,1,44
2581,1,2,31,84,208,208,0,2,48
2582,0,0,27,74,208,208,0,3,124
2583,1,2,15,38,208,208,0,2,70
2584,0,0,25,68,208,208,0,3,140
2585,0,0,5,12,208,208,0,2,83
2586,1,1,30,83,208,208,0,1,157
2587,1,1,9,21,208,208,0,1,152
2588,1,1,2,5,208,208,0,1,179
2589,1,1,4,11,208,208,0,1,186
2590,1,1,14,36,208,208,0,1,233
2591,0,0,12,30,208,208,0,1,239
2592,0,0,6,14,208,208,0,1,242
2593,0,0,1,3,208,208,0,1,253
2594,0,0,3,8,208,208,0,1,265
2595,0,0,7,17,208,208,0,1,271
2596,1,1,17,43,208,208,0,1,295
2597,0,0,19,50,208,208,0,1,289
2598,0,0,8,20,208,208,0,1,308
2599,0,0,18,48,208,208,0,1,356
2600,1,1,19,49,209,209,0,1,14
2601,1,2,28,77,209,209,0,2,19
2602,0,0,25,68,209,209,0,3,29
2603,1,2,32,87,209,209,0,2,29
2604,1,3,23,63,209,209,0,3,47
2605,0,0,33,88,209,209,0,3,51
2606,1,2,21,55,209,209,0,2,85
2607,1,1,14,36,209,209,0,1,68
2608,1,2,20,53,209,209,0,2,96
2609,1,1,3,7,209,209,0,1,78
2610,1,1,9,21,209,209,0,1,102
2611,1,1,30,83,209,209,0,1,105
2612,0,0,12,30,209,209,0,1,112
2613,1,1,8,19,209,209,0,1,119
2614,1,1,18,46,209,209,0,1,122
2615,0,0,1,3,209,209,0,1,124
2616,1,1,2,5,209,209,0,1,135
2617,1,1,6,15,209,209,0,1,133
2618,1,1,17,43,209,209,0,1,165
2619,1,1,16,42,209,209,0,1,144
2620,1,1,17,43,210,210,0,1,10
2621,0,0,26,71,210,210,0,2,10
2622,1,1,8,19,210,210,0,1,22
2623,0,0,5,12,210,210,0,2,19
2624,1,1,19,49,210,210,0,1,66
2625,1,2,11,27,210,210,0,2,32
2626,1,3,23,63,210,210,0,3,47
2627,0,0,27,72,210,210,0,3,59
2628,1,2,32,87,210,210,0,2,57
2629,0,0,34,91,210,210,0,3,84
2630,1,2,21,55,210,210,0,2,70
2631,0,0,24,,210,210,0,,
2632,1,3,29,78,211,211,0,3,13
2633,1,3,34,93,211,211,0,3,155
2634,1,2,11,27,211,211,0,2,18
2635,1,3,27,73,211,211,0,3,157
2636,0,0,21,,210,210,0,,
2637,1,2,21,55,211,211,0,2,158
2638,1,1,7,18,211,211,0,1,63
2639,1,2,28,77,211,211,0,2,167
2640,1,1,16,42,211,211,0,1,48
2641,1,2,5,13,211,211,0,2,177
2642,1,1,17,43,211,211,0,1,54
2643,0,0,15,,210,210,0,,
2644,1,2,15,38,211,211,1,2,58
2645,0,0,6,,210,210,0,,
2646,1,1,6,15,211,211,0,1,60
2647,1,1,7,18,210,210,0,1,108
2648,0,0,19,,211,211,0,,
2649,1,2,10,24,211,211,0,2,113
2650,0,0,9,,210,210,0,,
2651,0,0,20,,211,211,0,,
2652,1,2,20,53,210,210,0,2,69
2653,1,3,29,78,211,211,0,2,112
2654,1,3,29,78,210,210,0,3,79
2655,0,0,13,,211,211,0,,
2656,1,1,30,83,210,210,0,1,93
2657,0,0,8,,211,211,0,,
2658,0,0,8,20,212,212,0,1,27
2659,0,0,7,16,212,212,0,1,29
2660,1,1,30,83,212,212,1,1,57
2661,1,1,18,46,212,212,0,1,61
2662,0,0,5,12,212,212,0,2,69
2663,1,1,9,21,212,212,0,1,71
2664,1,2,22,58,212,212,0,2,97
2665,1,1,1,1,212,212,0,1,116
2666,1,1,2,5,212,212,0,1,265
2667,1,1,6,15,212,212,1,1,137
2668,1,1,4,11,212,212,0,1,284
2669,1,1,12,31,212,212,1,1,176
2670,1,1,14,36,212,212,0,1,305
2671,0,0,16,41,212,212,0,1,202
2672,1,1,17,43,212,212,0,1,344
2673,1,1,19,49,212,212,1,1,244
2674,1,1,3,7,212,212,0,1,361
2675,1,3,25,67,212,212,0,3,264
2676,1,2,11,27,212,212,1,2,384
2677,1,2,32,87,212,212,1,2,281
2678,1,1,9,21,213,213,0,1,10
2679,1,2,13,32,213,213,0,2,30
2680,1,3,33,90,213,213,1,3,31
2681,1,2,21,55,213,213,0,2,50
2682,1,3,27,73,213,213,1,3,50
2683,1,2,10,24,213,213,0,2,78
2684,1,1,7,18,213,213,0,1,62
2685,1,2,28,77,213,213,0,2,192
2686,1,1,19,49,213,213,0,1,78
2687,1,1,1,1,213,213,0,1,199
2688,1,1,18,46,213,213,0,1,92
2689,1,1,12,31,213,213,1,1,246
2690,1,1,8,19,213,213,0,1,104
2691,1,1,3,7,213,213,0,1,257
2692,1,1,4,11,213,213,0,1,116
2693,1,1,30,83,213,213,0,1,270
2694,1,1,14,36,213,213,0,1,127
2695,1,1,2,5,213,213,0,1,286
2696,1,1,6,15,213,213,0,1,141
2697,1,1,17,43,213,213,0,1,296
2698,1,1,14,36,214,214,0,1,11
2699,1,2,21,55,214,214,0,2,14
2700,1,3,35,95,214,214,1,3,59
2701,1,2,13,32,214,214,0,2,28
2702,1,3,29,78,214,214,1,3,87
2703,1,2,10,24,214,214,0,2,41
2704,1,3,24,66,214,214,1,3,112
2705,1,2,28,77,214,214,0,2,61
2706,1,3,25,67,214,214,0,3,131
2707,1,2,32,87,214,214,1,2,89
2708,1,1,16,42,214,214,0,1,141
2709,1,1,9,21,214,214,0,1,109
2710,1,1,3,7,214,214,0,1,152
2711,1,1,19,49,214,214,0,1,122
2712,1,1,18,46,214,214,0,1,163
2713,1,1,12,31,214,214,0,1,128
2714,1,1,1,1,214,214,0,1,170
2715,1,1,6,15,214,214,0,1,142
2716,1,1,2,5,214,214,0,1,188
2717,1,1,30,83,214,214,0,1,152
2718,1,1,6,15,215,215,1,1,26
2719,1,1,30,83,215,215,0,1,18
2720,1,2,31,84,215,215,0,2,42
2721,0,0,29,79,215,215,0,3,46
2722,1,2,20,53,215,215,0,2,61
2723,1,3,34,93,215,215,0,3,88
2724,1,2,10,24,215,215,0,2,77
2725,1,1,17,43,215,215,0,1,114
2726,1,1,1,1,215,215,0,1,88
2727,1,1,18,46,215,215,0,1,131
2728,0,0,12,30,215,215,0,1,101
2729,1,1,16,42,215,215,0,1,145
2730,1,1,8,19,215,215,0,1,112
2731,0,0,7,17,215,215,0,1,168
2732,1,1,2,5,215,215,0,1,130
2733,1,1,19,49,215,215,1,1,192
2734,1,1,9,21,215,215,0,1,144
2735,1,1,3,7,215,215,0,1,204
2736,0,0,4,10,215,215,0,1,164
2737,1,1,14,36,215,215,0,1,226
2738,1,1,18,46,216,216,0,1,37
2739,1,2,20,53,216,216,0,2,4
2740,1,3,23,63,216,216,1,3,63
2741,1,2,22,58,216,216,0,2,41
2742,1,3,34,93,216,216,0,3,72
2743,1,3,35,95,216,216,1,3,72
2744,1,2,31,84,216,216,0,2,89
2745,1,1,16,42,216,216,0,1,82
2746,1,1,7,18,216,216,0,1,98
2747,0,0,1,2,216,216,0,1,88
2748,1,1,6,15,216,216,0,1,116
2749,1,1,2,5,216,216,0,1,122
2750,1,1,9,21,216,216,0,1,128
2751,0,0,4,10,216,216,0,1,130
2752,1,1,3,7,216,216,0,1,149
2753,1,1,30,83,216,216,0,1,137
2754,1,1,19,49,216,216,0,1,158
2755,1,1,17,43,216,216,0,1,148
2756,0,0,12,30,216,216,0,1,166
2757,1,1,8,19,216,216,0,1,158
2758,1,1,8,19,217,217,0,1,2
2759,1,2,15,38,217,217,0,2,4
2760,1,3,24,66,217,217,0,3,6
2761,1,3,23,63,217,217,0,3,7
2762,1,3,25,67,217,217,0,3,8
2763,1,3,34,93,217,217,0,3,10
2764,1,3,33,90,217,217,0,3,12
2765,0,0,29,79,217,217,0,3,12
2766,1,2,31,84,217,217,0,2,16
2767,1,3,27,73,217,217,0,3,15
2768,1,3,35,95,217,217,0,3,20
2769,0,0,18,47,217,217,0,1,20
2770,1,1,19,49,217,217,0,1,25
2771,1,2,20,53,217,217,0,2,24
2772,1,1,3,7,217,217,0,1,28
2773,1,2,21,55,217,217,0,2,30
2774,1,2,13,32,217,217,0,2,34
2775,1,1,30,83,217,217,0,1,34
2776,1,2,10,24,217,217,0,2,37
2777,1,1,9,21,217,217,0,1,38
2778,1,1,9,21,218,218,0,1,21
2779,1,2,15,38,218,218,0,2,24
2780,1,3,25,67,218,218,0,3,36
2781,1,3,34,93,218,218,0,3,79
2782,1,2,20,53,218,218,0,2,80
2783,1,1,19,49,218,218,0,1,105
2784,1,1,17,43,218,218,0,1,144
2785,1,1,8,19,218,218,0,1,134
2786,0,0,3,8,218,218,0,1,158
2787,1,1,4,11,218,218,0,1,151
2788,1,1,2,5,218,218,0,1,190
2789,1,1,18,46,218,218,0,1,170
2790,1,1,14,36,218,218,0,1,203
2791,1,1,7,18,218,218,0,1,185
2792,1,1,12,31,218,218,0,1,247
2793,1,1,30,83,218,218,0,1,226
2794,1,1,1,1,218,218,0,1,272
2795,1,1,16,42,218,218,0,1,272
2796,1,1,6,15,218,218,0,1,280
2797,0,0,27,74,218,218,0,3,290
2798,1,2,13,32,219,219,0,2,18
2799,1,3,23,63,219,219,0,3,11
2800,1,3,24,66,219,219,1,3,50
2801,1,2,28,77,220,220,0,2,81
2802,0,0,17,,219,219,0,,
2803,1,1,8,19,221,221,0,1,8
2804,0,0,5,12,221,221,0,2,6
2805,1,1,17,43,221,221,0,1,6
2806,1,2,22,58,221,221,0,2,6
2807,0,0,35,94,221,221,0,3,6
2808,1,2,10,24,221,221,0,2,6
2809,1,3,29,78,221,221,0,3,6
2810,0,0,34,92,221,221,0,3,6
2811,1,2,31,84,221,221,0,2,6
2812,1,3,33,90,221,221,0,3,6
2813,1,3,25,67,221,221,0,3,6
2814,1,3,24,66,221,221,0,3,6
2815,0,0,27,74,221,221,0,3,6
2816,1,2,13,32,221,221,0,2,6
2817,1,3,23,63,221,221,0,3,6
2818,0,0,6,14,221,221,0,1,6
2819,0,0,1,3,221,221,0,1,6
2820,0,0,7,16,221,221,0,1,6
2821,1,1,9,21,221,221,0,1,6
2822,1,2,28,77,221,221,0,2,6
2823,0,0,35,96,222,222,0,3,25
2824,1,2,31,84,222,222,0,2,9
2825,1,3,27,73,222,222,0,3,32
2826,1,3,24,66,222,222,0,3,14
2827,1,3,29,78,222,222,0,3,40
2828,1,3,25,67,222,222,0,3,21
2829,1,3,33,90,222,222,0,3,51
2830,0,0,34,91,222,222,0,3,49
2831,0,0,20,52,222,222,0,2,63
2832,1,1,4,11,222,222,0,1,71
2833,1,2,5,13,222,222,0,2,69
2834,1,3,23,63,222,222,0,3,77
2835,1,2,32,87,222,222,0,2,92
2836,1,1,8,19,222,222,0,1,82
2837,1,1,16,42,222,222,0,1,123
2838,1,1,9,21,222,222,0,1,91
2839,1,1,2,5,222,222,0,1,137
2840,1,1,1,1,222,222,0,1,96
2841,1,1,30,83,222,222,0,1,150
2842,1,1,19,49,222,222,0,1,117
2843,1,1,2,5,223,223,0,1,11
2844,1,2,20,53,223,223,0,2,12
2845,1,3,24,66,223,223,0,3,17
2846,1,3,29,78,223,223,0,3,24
2847,1,3,33,90,223,223,0,3,26
2848,1,3,23,63,223,223,0,3,31
2849,1,3,27,73,223,223,0,3,33
2850,1,3,34,93,223,223,0,3,41
2851,1,3,35,95,223,223,0,3,45
2852,1,3,25,67,223,223,0,3,52
2853,0,0,6,14,223,223,0,1,52
2854,1,1,19,49,223,223,0,1,66
2855,1,2,31,84,223,223,0,2,60
2856,1,1,9,21,223,223,0,1,74
2857,1,2,5,13,223,223,0,2,65
2858,1,2,22,58,223,223,0,2,81
2859,1,1,4,11,223,223,0,1,72
2860,1,2,15,38,223,223,0,2,92
2861,1,1,1,1,223,223,0,1,76
2862,1,1,30,83,223,223,0,1,100
2863,1,1,3,7,224,224,0,1,10
2864,1,2,26,71,224,224,0,2,18
2865,0,0,35,94,224,224,0,3,56
2866,1,2,13,32,224,224,0,2,39
2867,0,0,34,92,224,224,0,3,90
2868,1,2,5,13,224,224,0,2,51
2869,1,3,33,90,224,224,0,3,105
2870,1,2,10,24,224,224,0,2,60
2871,1,1,8,19,224,224,0,1,120
2872,0,0,12,30,224,224,0,1,71
2873,0,0,17,44,224,224,0,1,143
2874,1,1,19,49,224,224,0,1,89
2875,1,1,18,46,224,224,0,1,153
2876,1,1,1,1,224,224,0,1,99
2877,0,0,30,81,224,224,0,1,167
2878,1,1,16,42,224,224,0,1,111
2879,0,0,6,14,224,224,0,1,178
2880,1,1,9,21,224,224,0,1,120
2881,0,0,2,6,224,224,0,1,187
2882,1,1,14,36,224,224,0,1,141
2883,1,1,19,49,225,225,0,1,16
2884,1,2,20,53,225,225,0,2,9
2885,1,3,27,73,225,225,1,3,40
2886,1,2,15,38,225,225,1,2,29
2887,1,1,2,5,225,225,0,1,53
2888,1,2,5,13,225,225,0,2,37
2889,1,3,25,67,225,225,1,3,88
2890,1,2,28,77,225,225,1,2,62
2891,1,1,7,18,225,225,1,1,120
2892,1,1,1,1,225,225,0,1,69
2893,1,2,21,55,225,225,1,2,158
2894,1,1,14,36,225,225,0,1,78
2895,1,1,16,42,225,225,0,1,168
2896,1,1,18,46,225,225,0,1,86
2897,1,1,3,7,225,225,0,1,176
2898,1,1,9,21,225,225,0,1,92
2899,1,1,12,31,225,225,1,1,191
2900,1,1,30,83,225,225,0,1,101
2901,1,1,4,11,225,225,1,1,209
2902,1,1,8,19,225,225,0,1,113
2903,1,1,1,1,226,226,0,1,5
2904,1,2,11,27,226,226,0,2,7
2905,1,3,23,63,226,226,0,3,15
2906,1,3,33,90,226,226,0,3,18
2907,1,3,27,73,226,226,0,3,24
2908,1,3,29,78,226,226,1,3,38
2909,1,2,31,84,226,226,1,2,38
2910,1,1,19,49,226,226,0,1,48
2911,1,2,5,13,226,226,0,2,46
2912,1,3,34,93,226,226,1,3,66
2913,1,2,13,32,226,226,0,2,65
2914,1,3,35,95,226,226,0,3,74
2915,1,3,25,67,226,226,0,3,74
2916,1,3,24,66,226,226,1,3,91
2917,1,2,21,55,226,226,0,2,86
2918,1,1,9,21,226,226,0,1,95
2919,1,1,17,43,226,226,0,1,97
2920,1,1,4,11,226,226,1,1,118
2921,1,1,2,5,226,226,0,1,106
2922,0,0,6,14,226,226,0,1,124
2923,1,1,30,83,227,227,0,1,8
2924,1,2,32,87,227,227,1,2,12
2925,1,1,7,18,227,227,0,1,16
2926,1,2,26,71,227,227,0,2,20
2927,1,3,24,66,227,227,0,3,22
2928,1,3,35,95,227,227,0,3,33
2929,1,3,27,73,227,227,1,3,34
2930,1,2,10,24,227,227,1,2,52
2931,1,1,12,31,227,227,1,1,50
2932,1,1,3,7,227,227,0,1,61
2933,1,2,11,27,227,227,0,2,55
2934,1,3,33,90,227,227,0,3,70
2935,1,3,23,63,227,227,0,3,61
2936,1,3,34,93,227,227,1,3,85
2937,1,2,15,38,227,227,1,2,74
2938,1,1,16,42,227,227,0,1,97
2939,1,1,14,36,227,227,0,1,84
2940,1,1,19,49,227,227,0,1,106
2941,1,1,2,5,227,227,0,1,92
2942,1,1,17,43,227,227,0,1,117
2943,1,1,2,5,229,229,0,1,9
2944,1,2,26,71,229,229,0,2,35
2945,1,3,35,95,229,229,0,3,106
2946,1,2,13,32,229,229,0,2,83
2947,0,0,6,14,229,229,0,1,143
2948,1,1,19,49,229,229,1,1,116
2949,1,1,3,7,229,229,1,1,215
2950,1,1,1,1,229,229,0,1,135
2951,1,1,30,83,229,229,0,1,259
2952,1,1,12,31,229,229,1,1,168
2953,1,1,7,18,229,229,0,1,293
2954,1,1,17,43,229,229,0,1,209
2955,0,0,16,41,229,229,0,1,310
2956,1,1,9,21,229,229,0,1,233
2957,1,1,18,46,229,229,0,1,327
2958,1,1,4,11,229,229,0,1,253
2959,1,1,14,36,229,229,1,1,437
2960,1,1,8,19,229,229,1,1,310
2961,1,3,24,66,229,229,0,3,488
2962,1,2,11,27,229,229,0,2,335
2963,1,1,3,7,230,230,0,1,7
2964,1,2,10,24,230,230,0,2,11
2965,1,3,33,90,230,230,0,3,64
2966,1,3,23,63,230,230,0,3,39
2967,1,3,29,78,230,230,1,3,133
2968,1,2,13,32,230,230,0,2,48
2969,1,3,24,66,230,230,0,3,140
2970,1,2,20,53,230,230,0,2,71
2971,1,3,27,73,230,230,1,3,189
2972,0,0,22,59,230,230,1,2,196
2973,1,1,14,36,230,230,0,1,199
2974,1,1,1,1,230,230,0,1,199
2975,1,1,1,1,230,230,0,1,199
2976,1,1,30,83,230,230,0,1,199
2977,1,1,6,15,230,230,0,1,199
2978,1,1,6,15,230,230,0,1,199
2979,1,1,6,15,230,230,0,1,199
2980,1,1,19,49,230,230,0,1,199
2981,1,1,18,46,230,230,0,1,199
2982,1,1,7,18,230,230,0,1,199
2983,1,1,18,46,231,231,0,1,8
2984,1,2,22,58,231,231,0,2,9
2985,1,3,35,95,231,231,0,3,17
2986,1,3,25,67,231,231,1,3,25
2987,1,2,15,38,231,231,1,2,117
2988,1,1,30,83,231,231,0,1,34
2989,1,2,20,53,231,231,0,2,126
2990,1,1,1,1,231,231,0,1,39
2991,1,2,11,27,231,231,0,2,133
2992,1,1,17,43,231,231,0,1,48
2993,1,2,21,55,231,231,1,2,270
2994,1,1,19,49,231,231,0,1,56
2995,1,2,10,24,231,231,0,2,275
2996,1,1,4,11,231,231,0,1,65
2997,1,2,32,87,231,231,1,2,340
2998,1,1,12,31,231,231,0,1,75
2999,1,1,9,21,231,231,1,1,394
3000,0,0,16,41,231,231,0,1,81
3001,1,1,6,15,231,231,0,1,398
3002,1,1,3,7,231,231,0,1,88
3003,1,1,19,49,232,232,0,1,6
3004,1,2,11,27,232,232,0,2,5
3005,1,3,35,95,232,232,0,3,12
3006,1,3,27,73,232,232,0,3,13
3007,1,3,33,90,232,232,0,3,18
3008,1,3,24,66,232,232,0,3,20
3009,1,3,34,93,232,232,1,3,101
3010,1,2,21,55,232,232,0,2,28
3011,1,3,23,63,232,232,0,3,110
3012,1,2,26,71,232,232,0,2,35
3013,1,3,25,67,232,232,1,3,124
3014,1,2,15,38,232,232,1,2,51
3015,1,1,2,5,232,232,0,1,137
3016,1,1,17,43,232,232,0,1,61
3017,1,2,28,77,232,232,1,2,252
3018,1,1,8,19,232,232,1,1,74
3019,1,1,14,36,232,232,0,1,259
3020,1,1,1,1,232,232,0,1,81
3021,1,1,3,7,232,232,0,1,268
3022,0,0,16,41,232,232,0,1,90
3023,1,1,30,83,233,233,0,1,6
3024,1,2,5,13,233,233,1,2,50
3025,1,1,4,11,233,233,0,1,14
3026,1,2,15,38,233,233,1,2,63
3027,0,0,16,41,233,233,0,1,23
3028,1,1,9,21,233,233,0,1,68
3029,1,2,26,71,233,233,0,2,30
3030,1,3,24,66,233,233,0,3,75
3031,1,2,10,24,233,233,0,2,36
3032,1,3,25,67,233,233,0,3,83
3033,1,2,22,58,233,233,0,2,42
3034,1,3,35,95,233,233,0,3,90
3035,1,2,21,55,233,233,0,2,48
3036,1,3,23,63,233,233,0,3,96
3037,1,2,28,77,233,233,0,2,99
3038,1,1,8,19,233,233,0,1,104
3039,1,1,7,18,233,233,0,1,107
3040,1,1,19,49,233,233,0,1,111
3041,1,1,18,46,233,233,0,1,113
3042,1,1,17,43,233,233,0,1,120
3043,1,1,12,31,234,234,0,1,7
3044,1,2,13,32,234,234,0,2,7
3045,1,3,27,73,234,234,0,3,13
3046,0,0,29,79,234,234,0,3,12
3047,1,2,21,55,234,234,0,2,19
3048,1,3,34,93,234,234,1,3,24
3049,1,2,20,53,234,234,0,2,24
3050,1,3,23,63,234,234,0,3,33
3051,1,3,33,90,234,234,0,3,29
3052,1,3,35,95,234,234,0,3,42
3053,1,3,25,67,234,234,0,3,39
3054,1,3,24,66,234,234,0,3,49
3055,1,1,1,1,234,234,0,1,46
3056,1,2,28,77,234,234,0,2,56
3057,1,2,5,13,234,234,0,2,52
3058,1,2,32,87,234,234,0,2,61
3059,1,1,30,83,234,234,0,1,61
3060,1,2,31,84,234,234,1,2,144
3061,0,0,16,41,234,234,0,1,69
3062,1,1,8,19,234,234,0,1,149
3063,1,1,7,18,235,235,0,1,6
3064,1,2,11,27,235,235,0,2,6
3065,1,3,34,93,235,235,0,3,12
3066,1,3,33,90,235,235,0,3,13
3067,1,3,29,78,235,235,1,3,30
3068,1,2,22,58,235,235,0,2,19
3069,1,3,35,95,235,235,0,3,38
3070,1,3,23,63,235,235,0,3,30
3071,1,3,27,73,235,235,1,3,50
3072,1,2,28,77,235,235,0,2,35
3073,1,3,24,66,235,235,0,3,56
3074,1,3,25,67,235,235,0,3,42
3075,1,1,18,46,235,235,0,1,64
3076,1,2,31,84,235,235,0,2,53
3077,1,1,3,7,235,235,0,1,72
3078,1,2,26,71,235,235,0,2,60
3079,1,1,6,15,235,235,0,1,82
3080,1,1,12,31,235,235,0,1,70
3081,1,2,32,87,235,235,1,2,189
3082,1,1,2,5,235,235,0,1,81
3083,1,1,12,31,236,236,0,1,7
3084,1,2,21,55,236,236,0,2,11
3085,1,3,33,90,236,236,0,3,15
3086,1,3,27,73,236,236,0,3,20
3087,1,3,24,66,236,236,0,3,19
3088,1,3,29,78,236,236,0,3,24
3089,1,3,34,93,236,236,0,3,24
3090,1,3,25,67,236,236,0,3,30
3091,1,3,23,63,236,236,0,3,30
3092,1,3,35,95,236,236,0,3,34
3093,1,1,9,21,236,236,0,1,37
3094,1,2,31,84,236,236,0,2,43
3095,1,1,4,11,236,236,0,1,47
3096,1,2,5,13,236,236,0,2,47
3097,1,1,19,49,236,236,0,1,57
3098,1,2,26,71,236,236,0,2,52
3099,1,1,30,83,236,236,0,1,62
3100,1,2,10,24,236,236,0,2,58
3101,1,2,22,58,236,236,0,2,68
3102,1,2,20,53,236,236,0,2,64
3103,1,3,33,90,237,237,0,3,5
3104,1,3,34,93,237,237,0,3,7
3105,1,3,35,95,237,237,0,3,12
3106,0,0,27,72,237,237,0,3,12
3107,1,2,31,84,237,237,0,2,21
3108,1,3,25,67,237,237,0,3,16
3109,1,3,24,66,237,237,0,3,25
3110,1,3,23,63,237,237,0,3,22
3111,1,3,29,78,237,237,0,3,34
3112,1,1,8,19,237,237,0,1,29
3113,1,2,28,77,237,237,0,2,54
3114,1,2,26,71,237,237,0,2,34
3115,1,1,6,15,237,237,0,1,60
3116,1,1,7,18,237,237,0,1,41
3117,1,2,32,87,237,237,0,2,72
3118,1,1,16,42,237,237,0,1,62
3119,1,2,21,55,237,237,0,2,82
3120,1,1,30,83,237,237,0,1,66
3121,1,2,5,13,237,237,0,2,88
3122,1,1,19,49,237,237,0,1,72
3123,1,1,12,31,238,238,0,1,11
3124,1,2,5,13,238,238,0,2,8
3125,1,3,33,90,238,238,0,3,17
3126,1,3,29,78,238,238,0,3,14
3127,1,3,27,73,238,238,0,3,28
3128,1,3,34,93,238,238,0,3,20
3129,1,3,25,67,238,238,0,3,35
3130,1,3,35,95,238,238,0,3,27
3131,1,3,24,66,238,238,0,3,40
3132,1,3,23,63,238,238,0,3,32
3133,1,2,21,55,238,238,0,2,46
3134,1,1,8,19,238,238,0,1,38
3135,1,2,28,77,238,238,0,2,51
3136,1,1,3,7,238,238,0,1,46
3137,1,2,20,53,238,238,0,2,57
3138,1,1,30,83,238,238,0,1,52
3139,1,2,26,71,238,238,0,2,65
3140,1,1,4,11,238,238,0,1,46
3141,1,2,15,38,238,238,0,2,46
3142,1,2,32,87,238,238,0,2,46
3143,1,3,23,63,239,239,0,3,9
3144,1,3,34,93,239,239,0,3,9
3145,1,3,25,67,239,239,0,3,18
3146,1,3,35,95,239,239,0,3,19
3147,1,3,33,90,239,239,0,3,14
3148,1,3,29,78,239,239,0,3,26
3149,1,3,27,73,239,239,0,3,22
3150,1,3,24,66,239,239,0,3,31
3151,1,2,32,87,239,239,0,2,30
3152,1,1,14,36,239,239,0,1,94
3153,1,1,9,21,239,239,0,1,38
3154,1,2,21,55,239,239,0,2,113
3155,1,1,18,46,239,239,0,1,30
3156,1,2,22,58,239,239,0,2,120
3157,1,1,19,49,239,239,0,1,41
3158,1,2,11,27,239,239,0,2,125
3159,1,1,3,7,239,239,0,1,46
3160,1,2,15,38,239,239,0,2,144
3161,1,1,17,43,239,239,0,1,55
3162,1,2,10,24,239,239,0,2,149
3163,1,1,18,46,240,240,0,1,5
3164,1,2,22,58,240,240,0,2,5
3165,1,3,27,73,240,240,0,3,12
3166,1,3,29,78,240,240,0,3,9
3167,1,3,23,63,240,240,0,3,18
3168,1,3,35,95,240,240,0,3,13
3169,1,3,33,90,240,240,0,3,22
3170,1,3,34,93,240,240,0,3,23
3171,1,3,25,67,240,240,0,3,27
3172,1,3,24,66,240,240,0,3,27
3173,1,2,15,38,240,240,0,2,34
3174,1,2,32,87,240,240,0,2,37
3175,1,1,17,43,240,240,0,1,39
3176,1,2,11,27,240,240,0,2,65
3177,1,2,5,13,240,240,0,2,50
3178,1,1,6,15,240,240,0,1,68
3179,1,2,31,84,240,240,0,2,70
3180,1,1,4,11,240,240,0,1,70
3181,1,2,10,24,240,240,0,2,70
3182,1,2,20,53,240,240,0,2,70
3183,1,3,34,93,241,241,0,3,7
3184,1,3,25,67,241,241,0,3,5
3185,1,3,33,90,241,241,0,3,13
3186,1,3,23,63,241,241,0,3,12
3187,1,3,27,73,241,241,0,3,24
3188,1,3,24,66,241,241,0,3,22
3189,1,3,29,78,241,241,0,3,32
3190,1,3,35,95,241,241,0,3,29
3191,1,1,6,15,241,241,0,1,37
3192,1,2,5,13,241,241,0,2,34
3193,1,2,10,24,241,241,0,2,37
3194,1,1,7,18,241,241,0,1,37
3195,1,2,11,27,241,241,0,2,45
3196,1,1,9,21,241,241,0,1,50
3197,1,2,20,53,241,241,0,2,53
3198,1,1,2,5,241,241,0,1,57
3199,1,2,28,77,241,241,0,2,58
3200,1,1,3,7,241,241,0,1,61
3201,1,2,31,84,241,241,0,2,60
3202,1,1,1,1,241,241,0,1,66
3203,1,2,10,24,242,242,0,2,9
3204,1,3,24,66,242,242,0,3,6
3205,1,3,29,78,242,242,0,3,12
3206,1,3,25,67,242,242,0,3,11
3207,1,3,23,63,242,242,0,3,17
3208,1,3,34,93,242,242,0,3,10
3209,1,3,35,95,242,242,0,3,10
3210,1,3,35,95,242,242,0,3,10
3211,1,3,27,73,242,242,0,3,10
3212,1,3,33,90,242,242,0,3,10
3213,1,1,2,5,242,242,0,1,10
3214,1,2,11,27,242,242,0,2,10
3215,1,2,26,71,242,242,0,2,10
3216,1,1,9,21,242,242,0,1,10
3217,1,2,21,55,242,242,0,2,10
3218,1,1,8,19,242,242,0,1,10
3219,1,2,20,53,242,242,0,2,10
3220,1,2,13,32,242,242,0,2,10
3221,1,1,14,36,242,242,0,1,10
3222,1,2,15,38,242,242,0,2,10
3223,1,3,34,93,243,243,0,3,14
3224,1,3,24,66,243,243,0,3,16
3225,1,3,25,67,243,243,0,3,24
3226,1,3,27,73,243,243,0,3,23
3227,1,3,29,78,243,243,0,3,35
3228,1,3,23,63,243,243,0,3,28
3229,1,3,35,95,243,243,0,3,41
3230,1,3,33,90,243,243,0,3,32
3231,1,1,19,49,243,243,0,1,49
3232,1,2,13,32,243,243,0,2,38
3233,1,2,31,84,243,243,0,2,58
3234,1,1,3,7,243,243,0,1,43
3235,1,2,11,27,243,243,0,2,68
3236,1,2,21,55,243,243,0,2,49
3237,0,0,6,14,243,243,0,1,81
3238,1,1,8,19,243,243,0,1,55
3239,1,2,10,24,243,243,0,2,85
3240,1,1,16,42,243,243,0,1,65
3241,1,2,28,77,243,243,0,2,89
3242,1,1,2,5,243,243,0,1,70
3243,0,0,34,91,244,244,1,3,48
3244,0,0,16,40,245,245,1,1,368
3245,1,1,19,49,246,246,0,1,8
3246,1,2,13,32,246,246,0,2,11
3247,1,3,27,73,246,246,0,3,13
3248,1,3,24,66,246,246,0,3,17
3249,1,3,34,93,246,246,0,3,23
3250,1,3,25,67,246,246,0,3,26
3251,1,3,33,90,246,246,0,3,33
3252,1,3,29,78,246,246,0,3,38
3253,1,3,23,63,246,246,0,3,42
3254,1,3,35,95,246,246,0,3,68
3255,1,2,11,27,246,246,0,2,48
3256,1,2,22,58,246,246,0,2,95
3257,1,1,30,83,246,246,0,1,59
3258,1,2,21,55,246,246,0,2,106
3259,1,1,17,43,246,246,0,1,67
3260,1,2,20,53,246,246,0,2,110
3261,1,1,2,5,246,246,0,1,79
3262,1,1,9,21,246,246,0,1,116
3263,1,1,1,1,246,246,0,1,86
3264,0,0,12,30,246,246,0,1,121
3265,1,1,19,49,247,247,0,1,9
3266,1,2,10,24,247,247,0,2,25
3267,1,3,29,78,247,247,1,3,18
3268,0,0,13,33,247,247,0,2,27
3269,0,0,1,2,247,247,0,1,21
3270,1,1,8,19,247,247,0,1,29
3271,1,2,31,84,247,247,0,2,25
3272,0,0,33,89,247,247,0,3,31
3273,0,0,32,86,247,247,0,2,28
3274,1,1,3,7,247,247,0,1,34
3275,0,0,21,57,247,247,0,2,31
3276,0,0,9,23,247,247,0,1,39
3277,0,0,7,17,247,247,0,1,33
3278,0,0,14,35,247,247,0,1,42
3279,0,0,30,82,247,247,0,1,37
3280,0,0,18,48,247,247,0,1,45
3281,0,0,4,9,247,247,0,1,41
3282,1,1,2,5,247,247,0,1,47
3283,0,0,20,54,247,247,0,2,44
3284,1,1,16,42,247,247,0,1,55
